0, 0, 0, 1, 0.0, 0, 0, 0, 0, 0, 0, 0, 1, 1, 0, 0, 0, 0, 1, 0, 4, 0.0, 0, 0, 0, 0, 0, 0, 2, 1, 3, 0, 0, 0, 0, 0, 
0, 1, 0, 1, 0.0, 0, 0, 0, 0, 0, 0, 0, 1, 1, 0, 0, 0, 1, 1, 0, 4, 0.0, 0, 0, 0, 1, 2, 0.5, 3, 1, 4, 0, 1, 0, 0, 0, 
0, 6, 0, 2, 0.0, 0, 0, 0, 0, 0, 0, 0, 1, 1, 0, 0, 0, 1, 1, 2, 6, 0.333333333333, 1, 1, 1.0, 1, 2, 0.5, 3, 2, 5, 2, 1, 0, 0, 1, 
5, 8, 2, 4, 0.5, 1, 1, 1.0, 0, 0, 0, 0, 1, 1, 2, 0, 0, 1, 1, 3, 8, 0.375, 1, 1, 1.0, 1, 2, 0.5, 3, 2, 5, 2, 1, 0, 0, 1, 
7, 9, 3, 5, 0.6, 1, 1, 1.0, 0, 0, 0, 0, 2, 2, 2, 0, 0, 1, 2, 3, 8, 0.375, 1, 1, 1.0, 2, 4, 0.5, 4, 2, 6, 2, 1, 0, 0, 1, 
11, 11, 5, 7, 0.714285714286, 1, 1, 1.0, 0, 0, 0, 0, 3, 3, 3, 0, 0, 1, 2, 4, 10, 0.4, 1, 1, 1.0, 2, 4, 0.5, 4, 2, 6, 2, 1, 0, 0, 1, 
11, 12, 5, 8, 0.625, 1, 1, 1.0, 0, 0, 0, 0, 4, 4, 3, 0, 0, 1, 2, 4, 11, 0.363636363636, 1, 1, 1.0, 3, 5, 0.6, 4, 3, 7, 2, 1, 0, 0, 1, 
11, 14, 5, 8, 0.625, 1, 1, 1.0, 0, 0, 0, 0, 4, 4, 3, 0, 0, 1, 3, 5, 12, 0.416666666667, 1, 1, 1.0, 3, 5, 0.6, 4, 3, 7, 3, 1, 0, 0, 2, 
15, 16, 7, 10, 0.7, 1, 1, 1.0, 0, 0, 0, 0, 4, 4, 4, 0, 1, 1, 3, 6, 15, 0.4, 1, 1, 1.0, 3, 5, 0.6, 5, 3, 8, 4, 1, 0, 0, 2, 
15, 21, 7, 11, 0.636363636364, 1, 2, 0.5, 0, 0, 0, 0, 4, 4, 4, 0, 1, 1, 3, 8, 18, 0.444444444444, 2, 2, 1.0, 3, 5, 0.6, 6, 4, 10, 4, 1, 0, 0, 2, 
15, 21, 7, 11, 0.636363636364, 1, 2, 0.5, 0, 0, 0, 0, 4, 4, 4, 0, 1, 1, 3, 8, 18, 0.444444444444, 2, 2, 1.0, 3, 5, 0.6, 6, 4, 10, 4, 1, 0, 0, 2, 
15, 21, 7, 11, 0.636363636364, 1, 2, 0.5, 0, 0, 0, 0, 4, 4, 4, 0, 1, 1, 3, 8, 18, 0.444444444444, 2, 2, 1.0, 3, 5, 0.6, 6, 4, 10, 4, 1, 0, 0, 2, 
15, 21, 7, 12, 0.583333333333, 1, 2, 0.5, 0, 0, 0, 0, 4, 4, 4, 0, 1, 1, 3, 8, 18, 0.444444444444, 2, 2, 1.0, 3, 5, 0.6, 6, 5, 11, 4, 1, 0, 1, 3, 
15, 25, 7, 14, 0.5, 1, 3, 0.333333333333, 0, 0, 0, 0, 4, 4, 4, 0, 1, 1, 3, 10, 20, 0.5, 2, 2, 1.0, 3, 5, 0.6, 6, 7, 13, 5, 1, 0, 1, 3, 
15, 27, 7, 15, 0.466666666667, 1, 4, 0.25, 0, 0, 0, 0, 4, 4, 4, 0, 1, 1, 3, 11, 21, 0.52380952381, 2, 2, 1.0, 3, 5, 0.6, 6, 8, 14, 5, 1, 0, 1, 4, 
17, 29, 8, 17, 0.470588235294, 1, 4, 0.25, 0, 0, 0, 0, 5, 5, 5, 0, 1, 2, 3, 12, 24, 0.5, 2, 2, 1.0, 3, 5, 0.6, 7, 9, 16, 5, 2, 0, 1, 4, 
17, 29, 8, 17, 0.470588235294, 1, 4, 0.25, 0, 0, 0, 0, 5, 5, 5, 0, 1, 2, 3, 12, 24, 0.5, 2, 2, 1.0, 3, 5, 0.6, 7, 9, 16, 5, 2, 0, 1, 4, 
17, 29, 8, 17, 0.470588235294, 1, 4, 0.25, 0, 0, 0, 0, 5, 5, 5, 0, 1, 2, 3, 12, 24, 0.5, 2, 2, 1.0, 3, 5, 0.6, 7, 9, 16, 5, 2, 0, 1, 4, 
19, 31, 9, 18, 0.5, 1, 4, 0.25, 0, 0, 0, 0, 6, 6, 5, 0, 1, 3, 3, 13, 27, 0.481481481481, 2, 3, 0.666666666667, 3, 5, 0.6, 8, 9, 17, 5, 3, 0, 1, 4, 
19, 32, 9, 18, 0.5, 1, 4, 0.25, 0, 0, 0, 0, 6, 6, 5, 0, 1, 3, 4, 13, 27, 0.481481481481, 2, 3, 0.666666666667, 4, 6, 0.666666666667, 8, 9, 17, 5, 3, 0, 1, 4, 
19, 33, 9, 19, 0.473684210526, 1, 4, 0.25, 0, 0, 0, 0, 6, 6, 5, 0, 1, 3, 4, 13, 27, 0.481481481481, 2, 3, 0.666666666667, 5, 7, 0.714285714286, 8, 10, 18, 5, 3, 0, 1, 4, 
19, 34, 9, 20, 0.45, 1, 5, 0.2, 0, 0, 0, 0, 6, 6, 5, 0, 1, 3, 5, 13, 27, 0.481481481481, 2, 3, 0.666666666667, 6, 8, 0.75, 8, 11, 19, 5, 3, 0, 2, 4, 
19, 35, 9, 20, 0.45, 1, 5, 0.2, 0, 0, 0, 0, 6, 6, 5, 0, 1, 3, 5, 13, 27, 0.481481481481, 2, 3, 0.666666666667, 7, 9, 0.777777777778, 8, 11, 19, 5, 3, 0, 2, 4, 
21, 35, 10, 21, 0.47619047619, 1, 5, 0.2, 0, 0, 0, 0, 6, 6, 6, 0, 1, 3, 5, 13, 28, 0.464285714286, 2, 4, 0.5, 7, 9, 0.777777777778, 8, 11, 19, 5, 3, 0, 2, 4, 
21, 35, 10, 21, 0.47619047619, 1, 5, 0.2, 0, 0, 0, 0, 6, 6, 6, 0, 1, 3, 5, 13, 28, 0.464285714286, 2, 4, 0.5, 7, 9, 0.777777777778, 8, 11, 19, 5, 3, 0, 2, 4, 
21, 35, 10, 22, 0.454545454545, 1, 5, 0.2, 0, 0, 0, 0, 6, 6, 6, 0, 1, 3, 5, 13, 28, 0.464285714286, 2, 4, 0.5, 7, 9, 0.777777777778, 8, 12, 20, 5, 3, 1, 2, 4, 
21, 35, 10, 22, 0.454545454545, 1, 5, 0.2, 0, 0, 0, 0, 7, 7, 6, 0, 2, 4, 5, 13, 30, 0.433333333333, 2, 5, 0.4, 7, 9, 0.777777777778, 8, 12, 20, 5, 3, 1, 2, 4, 
21, 35, 10, 23, 0.434782608696, 1, 5, 0.2, 0, 0, 0, 0, 7, 7, 6, 0, 2, 4, 6, 13, 30, 0.433333333333, 2, 5, 0.4, 7, 11, 0.636363636364, 8, 13, 21, 5, 3, 2, 2, 4, 
21, 35, 10, 24, 0.416666666667, 1, 5, 0.2, 0, 0, 0, 0, 9, 9, 6, 0, 2, 4, 6, 13, 31, 0.41935483871, 2, 6, 0.333333333333, 7, 11, 0.636363636364, 8, 14, 22, 5, 3, 2, 2, 4, 
23, 35, 11, 25, 0.44, 1, 5, 0.2, 0, 0, 0, 0, 9, 9, 7, 0, 2, 4, 7, 13, 33, 0.393939393939, 2, 6, 0.333333333333, 7, 11, 0.636363636364, 8, 14, 22, 5, 3, 2, 2, 4, 
23, 35, 11, 27, 0.407407407407, 1, 5, 0.2, 0, 0, 0, 0, 10, 10, 7, 0, 2, 4, 7, 13, 34, 0.382352941176, 2, 7, 0.285714285714, 7, 11, 0.636363636364, 8, 16, 24, 5, 3, 2, 2, 5, 
26, 37, 12, 28, 0.428571428571, 2, 6, 0.333333333333, 0, 0, 0, 0, 10, 10, 8, 0, 2, 4, 7, 14, 35, 0.4, 2, 7, 0.285714285714, 7, 11, 0.636363636364, 8, 16, 24, 6, 3, 2, 2, 5, 
26, 37, 12, 28, 0.428571428571, 2, 6, 0.333333333333, 0, 0, 0, 0, 10, 10, 8, 0, 2, 4, 7, 14, 35, 0.4, 2, 7, 0.285714285714, 7, 11, 0.636363636364, 8, 16, 24, 6, 3, 2, 2, 5, 
26, 37, 12, 28, 0.428571428571, 2, 6, 0.333333333333, 0, 0, 0, 0, 10, 10, 8, 0, 2, 4, 7, 14, 35, 0.4, 2, 7, 0.285714285714, 7, 11, 0.636363636364, 8, 16, 24, 6, 3, 2, 2, 5, 
26, 39, 12, 30, 0.4, 2, 6, 0.333333333333, 0, 0, 0, 0, 10, 10, 8, 0, 2, 4, 7, 15, 36, 0.416666666667, 2, 7, 0.285714285714, 7, 11, 0.636363636364, 8, 17, 25, 7, 3, 3, 2, 5, 
26, 42, 12, 31, 0.387096774194, 2, 6, 0.333333333333, 0, 0, 0, 0, 10, 10, 8, 0, 2, 4, 7, 16, 37, 0.432432432432, 3, 8, 0.375, 7, 11, 0.636363636364, 8, 17, 25, 8, 3, 4, 2, 5, 
28, 42, 13, 32, 0.40625, 2, 6, 0.333333333333, 0, 0, 0, 0, 12, 12, 9, 0, 2, 5, 7, 16, 40, 0.4, 3, 8, 0.375, 7, 11, 0.636363636364, 9, 17, 26, 8, 3, 4, 2, 5, 
30, 42, 14, 33, 0.424242424242, 2, 6, 0.333333333333, 0, 0, 0, 0, 12, 12, 9, 0, 2, 5, 8, 16, 40, 0.4, 3, 8, 0.375, 7, 11, 0.636363636364, 9, 17, 26, 8, 3, 4, 2, 5, 
30, 42, 14, 33, 0.424242424242, 2, 6, 0.333333333333, 0, 0, 0, 0, 12, 12, 9, 0, 2, 5, 8, 16, 40, 0.4, 3, 8, 0.375, 7, 11, 0.636363636364, 9, 17, 26, 8, 3, 4, 2, 5, 
30, 43, 14, 33, 0.424242424242, 2, 6, 0.333333333333, 0, 0, 0, 0, 12, 12, 9, 0, 2, 5, 8, 16, 40, 0.4, 3, 8, 0.375, 8, 12, 0.666666666667, 9, 17, 26, 8, 3, 4, 2, 5, 
30, 44, 14, 34, 0.411764705882, 2, 7, 0.285714285714, 0, 0, 0, 0, 12, 12, 9, 0, 2, 5, 8, 16, 41, 0.390243902439, 3, 9, 0.333333333333, 9, 13, 0.692307692308, 9, 17, 26, 8, 3, 4, 2, 5, 
30, 44, 14, 34, 0.411764705882, 2, 7, 0.285714285714, 0, 0, 0, 0, 13, 13, 9, 0, 2, 6, 8, 16, 41, 0.390243902439, 3, 9, 0.333333333333, 9, 13, 0.692307692308, 9, 17, 26, 8, 4, 4, 3, 6, 
32, 44, 15, 36, 0.416666666667, 2, 8, 0.25, 0, 0, 0, 0, 13, 13, 9, 0, 2, 6, 9, 16, 44, 0.363636363636, 3, 9, 0.333333333333, 9, 13, 0.692307692308, 11, 18, 29, 8, 4, 4, 4, 6, 
32, 46, 15, 36, 0.416666666667, 2, 8, 0.25, 0, 1, 0.0, 0, 13, 13, 9, 1, 2, 7, 9, 17, 45, 0.377777777778, 3, 9, 0.333333333333, 9, 13, 0.692307692308, 11, 18, 29, 8, 5, 4, 4, 7, 
34, 46, 15, 36, 0.416666666667, 2, 8, 0.25, 2, 2, 1.0, 0, 14, 14, 9, 1, 2, 8, 9, 17, 46, 0.369565217391, 3, 9, 0.333333333333, 9, 13, 0.692307692308, 11, 18, 29, 8, 6, 4, 5, 7, 
34, 46, 15, 36, 0.416666666667, 2, 8, 0.25, 2, 2, 1.0, 0, 14, 14, 9, 1, 2, 8, 9, 17, 46, 0.369565217391, 3, 9, 0.333333333333, 9, 13, 0.692307692308, 11, 18, 29, 8, 6, 4, 5, 7, 
34, 46, 15, 36, 0.416666666667, 2, 8, 0.25, 2, 2, 1.0, 0, 14, 14, 9, 1, 2, 8, 9, 17, 46, 0.369565217391, 3, 9, 0.333333333333, 9, 13, 0.692307692308, 11, 18, 29, 8, 6, 4, 5, 7, 
34, 46, 15, 36, 0.416666666667, 2, 8, 0.25, 2, 2, 1.0, 0, 14, 14, 9, 1, 2, 8, 9, 17, 46, 0.369565217391, 3, 9, 0.333333333333, 9, 13, 0.692307692308, 11, 18, 29, 8, 6, 4, 5, 7, 
38, 46, 17, 38, 0.447368421053, 2, 8, 0.25, 2, 2, 1.0, 0, 15, 15, 9, 1, 2, 8, 10, 17, 47, 0.36170212766, 3, 9, 0.333333333333, 9, 13, 0.692307692308, 11, 18, 29, 8, 6, 4, 5, 7, 
40, 47, 18, 39, 0.461538461538, 2, 8, 0.25, 2, 2, 1.0, 0, 17, 17, 9, 1, 2, 8, 10, 17, 48, 0.354166666667, 3, 9, 0.333333333333, 10, 15, 0.666666666667, 11, 18, 29, 8, 6, 4, 5, 7, 
42, 47, 19, 40, 0.475, 2, 8, 0.25, 2, 2, 1.0, 0, 17, 17, 10, 1, 2, 8, 11, 17, 49, 0.34693877551, 3, 10, 0.3, 10, 16, 0.625, 12, 18, 30, 8, 6, 4, 5, 7, 
42, 47, 19, 41, 0.463414634146, 2, 8, 0.25, 2, 2, 1.0, 0, 18, 18, 10, 1, 2, 8, 11, 17, 49, 0.34693877551, 3, 10, 0.3, 10, 17, 0.588235294118, 12, 19, 31, 8, 6, 5, 5, 7, 
42, 49, 19, 41, 0.463414634146, 2, 8, 0.25, 2, 2, 1.0, 0, 18, 18, 10, 1, 2, 8, 11, 18, 51, 0.352941176471, 3, 10, 0.3, 10, 17, 0.588235294118, 13, 19, 32, 8, 6, 5, 5, 7, 
42, 49, 19, 41, 0.463414634146, 2, 8, 0.25, 2, 2, 1.0, 0, 18, 18, 10, 1, 2, 8, 11, 18, 51, 0.352941176471, 3, 10, 0.3, 10, 17, 0.588235294118, 13, 19, 32, 8, 6, 5, 5, 7, 
42, 49, 19, 42, 0.452380952381, 2, 9, 0.222222222222, 2, 2, 1.0, 0, 18, 18, 10, 1, 2, 8, 11, 18, 51, 0.352941176471, 3, 10, 0.3, 10, 17, 0.588235294118, 13, 19, 32, 8, 6, 5, 5, 8, 
42, 49, 19, 42, 0.452380952381, 2, 9, 0.222222222222, 2, 2, 1.0, 0, 18, 18, 10, 1, 2, 8, 11, 18, 51, 0.352941176471, 3, 10, 0.3, 10, 17, 0.588235294118, 13, 19, 32, 8, 6, 5, 5, 8, 
42, 49, 19, 42, 0.452380952381, 2, 9, 0.222222222222, 2, 2, 1.0, 0, 18, 18, 10, 1, 2, 8, 11, 18, 51, 0.352941176471, 3, 10, 0.3, 10, 17, 0.588235294118, 13, 19, 32, 8, 6, 5, 5, 8, 
42, 49, 19, 42, 0.452380952381, 2, 9, 0.222222222222, 2, 2, 1.0, 0, 18, 18, 10, 1, 2, 8, 11, 18, 51, 0.352941176471, 3, 10, 0.3, 10, 17, 0.588235294118, 13, 19, 32, 8, 6, 5, 5, 8, 
42, 49, 19, 42, 0.452380952381, 2, 9, 0.222222222222, 2, 2, 1.0, 0, 18, 18, 10, 1, 2, 8, 11, 18, 51, 0.352941176471, 3, 10, 0.3, 10, 17, 0.588235294118, 13, 19, 32, 8, 6, 5, 5, 8, 
42, 49, 19, 42, 0.452380952381, 2, 9, 0.222222222222, 2, 2, 1.0, 0, 18, 18, 10, 1, 2, 8, 11, 18, 51, 0.352941176471, 3, 10, 0.3, 10, 17, 0.588235294118, 13, 19, 32, 8, 6, 5, 5, 8, 
42, 49, 19, 42, 0.452380952381, 2, 9, 0.222222222222, 2, 2, 1.0, 0, 18, 18, 10, 1, 2, 8, 11, 18, 51, 0.352941176471, 3, 10, 0.3, 10, 17, 0.588235294118, 13, 19, 32, 8, 6, 5, 5, 8, 
42, 49, 19, 42, 0.452380952381, 2, 9, 0.222222222222, 2, 2, 1.0, 0, 18, 18, 10, 1, 2, 8, 11, 18, 51, 0.352941176471, 3, 10, 0.3, 10, 17, 0.588235294118, 13, 19, 32, 8, 6, 5, 5, 8, 
42, 49, 19, 42, 0.452380952381, 2, 9, 0.222222222222, 2, 2, 1.0, 0, 18, 18, 10, 1, 2, 8, 11, 18, 51, 0.352941176471, 3, 10, 0.3, 10, 17, 0.588235294118, 13, 19, 32, 8, 6, 5, 5, 8, 
42, 49, 19, 42, 0.452380952381, 2, 9, 0.222222222222, 2, 2, 1.0, 0, 18, 18, 10, 1, 2, 8, 11, 18, 51, 0.352941176471, 3, 10, 0.3, 10, 17, 0.588235294118, 13, 19, 32, 8, 6, 5, 5, 8, 
42, 49, 19, 42, 0.452380952381, 2, 9, 0.222222222222, 2, 2, 1.0, 0, 18, 18, 10, 1, 2, 8, 11, 18, 51, 0.352941176471, 3, 10, 0.3, 10, 17, 0.588235294118, 13, 19, 32, 8, 6, 5, 5, 8, 
42, 49, 19, 42, 0.452380952381, 2, 9, 0.222222222222, 2, 2, 1.0, 0, 18, 18, 10, 1, 2, 8, 11, 18, 51, 0.352941176471, 3, 10, 0.3, 10, 17, 0.588235294118, 13, 19, 32, 8, 6, 5, 5, 8, 
42, 49, 19, 42, 0.452380952381, 2, 9, 0.222222222222, 2, 2, 1.0, 0, 18, 18, 10, 1, 2, 8, 11, 18, 51, 0.352941176471, 3, 10, 0.3, 10, 17, 0.588235294118, 13, 19, 32, 8, 6, 5, 5, 8, 
42, 49, 19, 42, 0.452380952381, 2, 9, 0.222222222222, 2, 2, 1.0, 0, 18, 18, 10, 1, 2, 8, 11, 18, 51, 0.352941176471, 3, 10, 0.3, 10, 17, 0.588235294118, 13, 19, 32, 8, 6, 5, 5, 8, 
42, 49, 19, 42, 0.452380952381, 2, 9, 0.222222222222, 2, 2, 1.0, 0, 18, 18, 10, 1, 2, 8, 11, 18, 51, 0.352941176471, 3, 10, 0.3, 10, 17, 0.588235294118, 13, 19, 32, 8, 6, 5, 5, 8, 
42, 49, 19, 42, 0.452380952381, 2, 9, 0.222222222222, 2, 2, 1.0, 0, 18, 18, 10, 1, 2, 8, 11, 18, 51, 0.352941176471, 3, 10, 0.3, 10, 17, 0.588235294118, 13, 19, 32, 8, 6, 5, 5, 9, 
43, 49, 19, 42, 0.452380952381, 2, 9, 0.222222222222, 3, 4, 0.75, 0, 18, 18, 10, 1, 2, 8, 11, 18, 51, 0.352941176471, 3, 10, 0.3, 10, 17, 0.588235294118, 13, 20, 33, 8, 6, 5, 5, 9, 
45, 51, 20, 44, 0.454545454545, 2, 10, 0.2, 3, 4, 0.75, 0, 19, 19, 11, 1, 2, 8, 11, 19, 53, 0.358490566038, 3, 10, 0.3, 10, 17, 0.588235294118, 13, 21, 34, 8, 6, 5, 5, 9, 
48, 55, 21, 45, 0.466666666667, 3, 11, 0.272727272727, 3, 4, 0.75, 0, 19, 19, 12, 1, 2, 9, 11, 21, 55, 0.381818181818, 3, 10, 0.3, 10, 17, 0.588235294118, 13, 21, 34, 8, 7, 5, 5, 9, 
48, 57, 21, 46, 0.45652173913, 3, 11, 0.272727272727, 3, 4, 0.75, 0, 20, 20, 12, 1, 2, 9, 11, 22, 57, 0.385964912281, 3, 11, 0.272727272727, 10, 17, 0.588235294118, 13, 22, 35, 9, 7, 5, 5, 10, 
51, 57, 22, 48, 0.458333333333, 4, 12, 0.333333333333, 3, 4, 0.75, 0, 20, 20, 12, 1, 2, 9, 11, 22, 58, 0.379310344828, 3, 12, 0.25, 10, 17, 0.588235294118, 14, 22, 36, 9, 7, 5, 6, 10, 
51, 59, 22, 48, 0.458333333333, 4, 12, 0.333333333333, 3, 4, 0.75, 0, 20, 20, 12, 1, 2, 9, 11, 23, 59, 0.389830508475, 3, 12, 0.25, 10, 17, 0.588235294118, 14, 23, 37, 9, 7, 5, 6, 10, 
54, 63, 23, 50, 0.46, 5, 14, 0.357142857143, 3, 4, 0.75, 0, 20, 20, 12, 1, 2, 9, 11, 25, 61, 0.409836065574, 3, 12, 0.25, 10, 17, 0.588235294118, 14, 24, 38, 10, 7, 5, 6, 10, 
54, 65, 23, 52, 0.442307692308, 5, 15, 0.333333333333, 3, 4, 0.75, 0, 21, 21, 12, 1, 2, 9, 12, 26, 63, 0.412698412698, 3, 12, 0.25, 10, 17, 0.588235294118, 14, 26, 40, 10, 7, 5, 6, 11, 
54, 65, 23, 52, 0.442307692308, 5, 15, 0.333333333333, 3, 4, 0.75, 0, 21, 21, 12, 1, 2, 9, 12, 26, 63, 0.412698412698, 3, 12, 0.25, 10, 17, 0.588235294118, 14, 26, 40, 10, 7, 5, 6, 11, 
54, 65, 23, 52, 0.442307692308, 5, 15, 0.333333333333, 3, 4, 0.75, 0, 21, 21, 12, 1, 2, 9, 12, 26, 63, 0.412698412698, 3, 12, 0.25, 10, 17, 0.588235294118, 14, 26, 40, 10, 7, 5, 6, 11, 
54, 65, 23, 52, 0.442307692308, 5, 15, 0.333333333333, 3, 4, 0.75, 0, 21, 21, 12, 1, 2, 9, 12, 26, 63, 0.412698412698, 3, 12, 0.25, 10, 17, 0.588235294118, 14, 26, 40, 10, 7, 5, 6, 11, 
59, 68, 25, 54, 0.462962962963, 6, 16, 0.375, 3, 4, 0.75, 0, 21, 21, 13, 1, 2, 9, 12, 27, 65, 0.415384615385, 3, 12, 0.25, 11, 18, 0.611111111111, 15, 26, 41, 10, 7, 5, 6, 11, 
59, 70, 25, 54, 0.462962962963, 6, 16, 0.375, 3, 4, 0.75, 0, 21, 21, 13, 1, 2, 10, 13, 28, 66, 0.424242424242, 3, 12, 0.25, 11, 18, 0.611111111111, 15, 26, 41, 10, 7, 5, 6, 11, 
61, 72, 26, 55, 0.472727272727, 6, 16, 0.375, 3, 5, 0.6, 0, 21, 21, 13, 1, 2, 10, 13, 29, 67, 0.432835820896, 3, 12, 0.25, 11, 18, 0.611111111111, 15, 26, 41, 10, 7, 5, 6, 12, 
61, 72, 26, 55, 0.472727272727, 6, 16, 0.375, 3, 5, 0.6, 0, 21, 21, 13, 1, 2, 10, 14, 29, 68, 0.426470588235, 3, 12, 0.25, 11, 18, 0.611111111111, 15, 27, 42, 10, 7, 5, 6, 12, 
63, 76, 27, 56, 0.482142857143, 6, 16, 0.375, 3, 5, 0.6, 0, 21, 21, 14, 1, 2, 10, 14, 31, 70, 0.442857142857, 3, 12, 0.25, 11, 18, 0.611111111111, 15, 27, 42, 10, 7, 5, 6, 12, 
65, 76, 28, 57, 0.491228070175, 6, 16, 0.375, 3, 5, 0.6, 0, 21, 21, 15, 1, 2, 10, 14, 31, 71, 0.43661971831, 3, 13, 0.230769230769, 11, 18, 0.611111111111, 15, 27, 42, 10, 7, 5, 6, 12, 
65, 76, 28, 57, 0.491228070175, 6, 16, 0.375, 3, 5, 0.6, 0, 21, 21, 15, 1, 2, 10, 14, 31, 71, 0.43661971831, 3, 13, 0.230769230769, 11, 18, 0.611111111111, 15, 27, 42, 10, 7, 5, 6, 12, 
65, 76, 28, 57, 0.491228070175, 6, 16, 0.375, 3, 5, 0.6, 0, 21, 21, 15, 1, 2, 10, 14, 31, 71, 0.43661971831, 3, 13, 0.230769230769, 11, 18, 0.611111111111, 15, 27, 42, 10, 7, 5, 6, 12, 
67, 78, 29, 60, 0.483333333333, 6, 16, 0.375, 3, 5, 0.6, 2, 21, 23, 15, 1, 2, 10, 15, 32, 72, 0.444444444444, 3, 13, 0.230769230769, 11, 18, 0.611111111111, 15, 27, 42, 10, 7, 5, 6, 12, 
69, 81, 30, 61, 0.491803278689, 6, 16, 0.375, 3, 5, 0.6, 2, 21, 23, 16, 1, 2, 10, 15, 33, 73, 0.452054794521, 3, 13, 0.230769230769, 12, 19, 0.631578947368, 15, 27, 42, 10, 7, 5, 6, 13, 
70, 81, 30, 61, 0.491803278689, 6, 16, 0.375, 4, 7, 0.571428571429, 2, 21, 23, 16, 1, 2, 10, 15, 33, 74, 0.445945945946, 3, 14, 0.214285714286, 12, 19, 0.631578947368, 15, 27, 42, 10, 7, 5, 6, 13, 
70, 81, 30, 61, 0.491803278689, 6, 16, 0.375, 4, 7, 0.571428571429, 2, 21, 23, 16, 1, 2, 11, 15, 33, 74, 0.445945945946, 3, 14, 0.214285714286, 12, 19, 0.631578947368, 15, 27, 42, 10, 7, 5, 6, 13, 
70, 81, 30, 61, 0.491803278689, 6, 16, 0.375, 4, 7, 0.571428571429, 2, 21, 23, 16, 1, 2, 11, 15, 33, 75, 0.44, 3, 14, 0.214285714286, 12, 19, 0.631578947368, 15, 27, 42, 10, 7, 5, 6, 13, 
70, 81, 30, 61, 0.491803278689, 6, 16, 0.375, 4, 7, 0.571428571429, 2, 21, 23, 16, 1, 2, 11, 15, 33, 75, 0.44, 3, 14, 0.214285714286, 12, 19, 0.631578947368, 15, 27, 42, 10, 7, 5, 6, 13, 
70, 81, 30, 61, 0.491803278689, 6, 16, 0.375, 4, 7, 0.571428571429, 2, 21, 23, 16, 1, 2, 11, 15, 33, 75, 0.44, 3, 14, 0.214285714286, 12, 19, 0.631578947368, 15, 27, 42, 10, 7, 5, 6, 13, 
72, 81, 31, 62, 0.5, 6, 16, 0.375, 4, 7, 0.571428571429, 2, 22, 24, 17, 1, 2, 11, 15, 33, 76, 0.434210526316, 3, 14, 0.214285714286, 12, 19, 0.631578947368, 15, 27, 42, 10, 7, 5, 6, 13, 
72, 83, 31, 63, 0.492063492063, 6, 16, 0.375, 4, 7, 0.571428571429, 2, 22, 24, 17, 1, 2, 11, 15, 34, 77, 0.441558441558, 3, 14, 0.214285714286, 12, 19, 0.631578947368, 15, 28, 43, 10, 7, 5, 6, 13, 
75, 83, 32, 64, 0.5, 7, 17, 0.411764705882, 4, 7, 0.571428571429, 2, 24, 26, 18, 1, 3, 11, 16, 34, 79, 0.430379746835, 3, 15, 0.2, 12, 19, 0.631578947368, 15, 28, 43, 10, 7, 5, 6, 13, 
75, 83, 32, 66, 0.484848484848, 7, 18, 0.388888888889, 4, 7, 0.571428571429, 2, 25, 27, 18, 1, 3, 11, 16, 34, 81, 0.41975308642, 3, 17, 0.176470588235, 12, 19, 0.631578947368, 16, 29, 45, 10, 7, 5, 6, 14, 
75, 83, 32, 66, 0.484848484848, 7, 18, 0.388888888889, 4, 7, 0.571428571429, 2, 25, 27, 18, 1, 3, 11, 16, 34, 81, 0.41975308642, 3, 17, 0.176470588235, 12, 19, 0.631578947368, 16, 30, 46, 10, 7, 5, 6, 14, 
75, 83, 32, 66, 0.484848484848, 7, 18, 0.388888888889, 4, 7, 0.571428571429, 2, 25, 27, 18, 1, 3, 11, 16, 34, 81, 0.41975308642, 3, 17, 0.176470588235, 12, 19, 0.631578947368, 16, 30, 46, 10, 7, 5, 6, 14, 
75, 83, 32, 66, 0.484848484848, 7, 18, 0.388888888889, 4, 7, 0.571428571429, 2, 25, 27, 18, 1, 3, 11, 17, 34, 81, 0.41975308642, 3, 17, 0.176470588235, 12, 20, 0.6, 16, 30, 46, 10, 7, 5, 6, 14, 
75, 84, 32, 67, 0.477611940299, 7, 18, 0.388888888889, 4, 7, 0.571428571429, 2, 26, 28, 18, 1, 3, 11, 17, 34, 82, 0.414634146341, 3, 17, 0.176470588235, 13, 21, 0.619047619048, 16, 31, 47, 10, 7, 5, 6, 14, 
75, 84, 32, 68, 0.470588235294, 7, 18, 0.388888888889, 4, 7, 0.571428571429, 2, 26, 28, 18, 1, 4, 11, 17, 34, 83, 0.409638554217, 3, 17, 0.176470588235, 13, 21, 0.619047619048, 16, 32, 48, 10, 7, 5, 6, 14, 
77, 88, 33, 70, 0.471428571429, 7, 18, 0.388888888889, 4, 7, 0.571428571429, 2, 27, 29, 19, 1, 4, 11, 17, 36, 86, 0.418604651163, 3, 17, 0.176470588235, 13, 21, 0.619047619048, 16, 33, 49, 12, 7, 6, 6, 14, 
77, 88, 33, 70, 0.471428571429, 7, 18, 0.388888888889, 4, 7, 0.571428571429, 2, 27, 29, 19, 1, 4, 11, 17, 36, 86, 0.418604651163, 3, 17, 0.176470588235, 13, 21, 0.619047619048, 16, 33, 49, 12, 7, 6, 6, 14, 
77, 88, 33, 70, 0.471428571429, 7, 18, 0.388888888889, 4, 7, 0.571428571429, 2, 27, 29, 19, 1, 4, 11, 17, 36, 86, 0.418604651163, 3, 17, 0.176470588235, 13, 21, 0.619047619048, 16, 33, 49, 12, 7, 6, 6, 14, 
79, 88, 34, 71, 0.478873239437, 7, 18, 0.388888888889, 4, 7, 0.571428571429, 2, 27, 29, 19, 1, 4, 11, 17, 36, 86, 0.418604651163, 3, 17, 0.176470588235, 13, 21, 0.619047619048, 16, 33, 49, 12, 7, 6, 6, 15, 
80, 88, 34, 72, 0.472222222222, 7, 18, 0.388888888889, 5, 8, 0.625, 2, 27, 29, 19, 1, 4, 11, 17, 36, 86, 0.418604651163, 3, 17, 0.176470588235, 13, 21, 0.619047619048, 16, 33, 49, 12, 7, 6, 7, 16, 
82, 88, 35, 73, 0.479452054795, 7, 18, 0.388888888889, 5, 8, 0.625, 2, 28, 30, 19, 1, 4, 11, 17, 36, 87, 0.413793103448, 3, 18, 0.166666666667, 13, 21, 0.619047619048, 16, 34, 50, 12, 7, 6, 7, 16, 
82, 91, 35, 74, 0.472972972973, 7, 19, 0.368421052632, 5, 8, 0.625, 3, 28, 31, 19, 1, 4, 11, 17, 37, 88, 0.420454545455, 4, 19, 0.210526315789, 13, 21, 0.619047619048, 16, 34, 50, 13, 7, 6, 7, 16, 
82, 95, 35, 75, 0.466666666667, 7, 19, 0.368421052632, 5, 8, 0.625, 3, 29, 32, 19, 1, 4, 12, 18, 39, 92, 0.423913043478, 4, 20, 0.2, 13, 21, 0.619047619048, 17, 35, 52, 13, 8, 6, 7, 16, 
82, 95, 35, 75, 0.466666666667, 7, 19, 0.368421052632, 5, 8, 0.625, 3, 29, 32, 19, 1, 4, 12, 19, 38, 91, 0.417582417582, 4, 20, 0.2, 15, 23, 0.652173913043, 17, 35, 52, 13, 8, 6, 7, 16, 
82, 97, 35, 76, 0.460526315789, 7, 20, 0.35, 5, 8, 0.625, 3, 29, 32, 19, 1, 4, 12, 20, 38, 91, 0.417582417582, 4, 20, 0.2, 17, 25, 0.68, 17, 36, 53, 13, 8, 6, 7, 16, 
83, 97, 35, 76, 0.460526315789, 7, 20, 0.35, 6, 9, 0.666666666667, 3, 29, 32, 19, 1, 4, 12, 20, 38, 91, 0.417582417582, 4, 20, 0.2, 17, 25, 0.68, 17, 36, 53, 13, 8, 6, 7, 16, 
83, 97, 35, 76, 0.460526315789, 7, 20, 0.35, 6, 9, 0.666666666667, 3, 29, 32, 19, 1, 4, 12, 20, 38, 91, 0.417582417582, 4, 20, 0.2, 17, 25, 0.68, 17, 36, 53, 13, 8, 6, 7, 16, 
83, 97, 35, 76, 0.460526315789, 7, 20, 0.35, 6, 9, 0.666666666667, 3, 29, 32, 19, 1, 4, 12, 20, 38, 91, 0.417582417582, 4, 20, 0.2, 17, 25, 0.68, 17, 36, 53, 13, 8, 6, 7, 16, 
86, 99, 36, 79, 0.455696202532, 8, 21, 0.380952380952, 6, 9, 0.666666666667, 3, 30, 33, 20, 1, 4, 12, 20, 39, 93, 0.41935483871, 4, 20, 0.2, 17, 25, 0.68, 17, 38, 55, 14, 8, 6, 7, 16, 
86, 99, 36, 79, 0.455696202532, 8, 21, 0.380952380952, 6, 9, 0.666666666667, 3, 31, 34, 20, 1, 4, 12, 20, 39, 94, 0.414893617021, 4, 20, 0.2, 17, 25, 0.68, 17, 38, 55, 14, 8, 6, 7, 17, 
90, 99, 38, 81, 0.469135802469, 8, 21, 0.380952380952, 6, 9, 0.666666666667, 3, 32, 35, 22, 1, 4, 12, 20, 39, 95, 0.410526315789, 4, 20, 0.2, 17, 25, 0.68, 17, 38, 55, 14, 8, 6, 7, 17, 
90, 99, 38, 81, 0.469135802469, 8, 21, 0.380952380952, 6, 9, 0.666666666667, 3, 32, 35, 22, 1, 4, 12, 20, 39, 95, 0.410526315789, 4, 20, 0.2, 17, 25, 0.68, 17, 38, 55, 14, 8, 6, 7, 17, 
90, 99, 38, 82, 0.463414634146, 8, 22, 0.363636363636, 6, 9, 0.666666666667, 3, 32, 35, 22, 1, 4, 12, 20, 39, 95, 0.410526315789, 4, 20, 0.2, 17, 25, 0.68, 17, 38, 55, 14, 8, 6, 8, 18, 
90, 99, 38, 82, 0.463414634146, 8, 22, 0.363636363636, 6, 9, 0.666666666667, 3, 32, 35, 22, 1, 4, 12, 21, 39, 96, 0.40625, 4, 21, 0.190476190476, 17, 25, 0.68, 18, 39, 57, 14, 8, 6, 8, 18, 
90, 101, 38, 82, 0.463414634146, 8, 22, 0.363636363636, 6, 9, 0.666666666667, 3, 32, 35, 22, 1, 4, 12, 21, 39, 96, 0.40625, 4, 21, 0.190476190476, 19, 27, 0.703703703704, 18, 39, 57, 14, 8, 6, 8, 18, 
90, 101, 38, 82, 0.463414634146, 8, 22, 0.363636363636, 6, 9, 0.666666666667, 3, 32, 35, 22, 1, 4, 12, 21, 39, 96, 0.40625, 4, 21, 0.190476190476, 19, 27, 0.703703703704, 18, 39, 57, 14, 8, 6, 8, 18, 
90, 101, 38, 83, 0.457831325301, 8, 23, 0.347826086957, 6, 9, 0.666666666667, 3, 32, 35, 22, 1, 4, 12, 21, 39, 96, 0.40625, 4, 21, 0.190476190476, 19, 27, 0.703703703704, 18, 39, 57, 14, 8, 6, 8, 19, 
90, 101, 38, 83, 0.457831325301, 8, 23, 0.347826086957, 6, 9, 0.666666666667, 3, 32, 35, 22, 1, 4, 12, 21, 39, 96, 0.40625, 4, 21, 0.190476190476, 19, 27, 0.703703703704, 18, 40, 58, 14, 8, 6, 8, 19, 
90, 101, 38, 83, 0.457831325301, 8, 23, 0.347826086957, 6, 9, 0.666666666667, 3, 32, 35, 22, 1, 4, 12, 21, 39, 96, 0.40625, 4, 21, 0.190476190476, 19, 27, 0.703703703704, 18, 40, 58, 14, 8, 6, 8, 19, 
90, 101, 38, 83, 0.457831325301, 8, 23, 0.347826086957, 6, 9, 0.666666666667, 3, 32, 35, 22, 1, 4, 12, 21, 39, 96, 0.40625, 4, 21, 0.190476190476, 19, 27, 0.703703703704, 18, 40, 58, 14, 8, 6, 8, 19, 
90, 101, 38, 83, 0.457831325301, 8, 23, 0.347826086957, 6, 9, 0.666666666667, 3, 32, 35, 22, 1, 4, 12, 21, 39, 96, 0.40625, 4, 21, 0.190476190476, 19, 27, 0.703703703704, 18, 40, 58, 14, 8, 6, 8, 19, 
90, 101, 38, 83, 0.457831325301, 8, 23, 0.347826086957, 6, 9, 0.666666666667, 3, 32, 35, 22, 1, 4, 12, 21, 39, 96, 0.40625, 4, 21, 0.190476190476, 19, 27, 0.703703703704, 18, 40, 58, 14, 8, 6, 8, 19, 
90, 101, 38, 83, 0.457831325301, 8, 23, 0.347826086957, 6, 9, 0.666666666667, 3, 32, 35, 22, 1, 4, 12, 21, 39, 96, 0.40625, 4, 21, 0.190476190476, 19, 27, 0.703703703704, 18, 40, 58, 14, 8, 6, 8, 19, 
90, 101, 38, 83, 0.457831325301, 8, 23, 0.347826086957, 6, 9, 0.666666666667, 3, 32, 35, 22, 1, 4, 12, 21, 39, 96, 0.40625, 4, 21, 0.190476190476, 19, 27, 0.703703703704, 18, 40, 58, 14, 8, 6, 8, 19, 
90, 101, 38, 83, 0.457831325301, 8, 23, 0.347826086957, 6, 9, 0.666666666667, 3, 32, 35, 22, 1, 4, 12, 21, 39, 96, 0.40625, 4, 21, 0.190476190476, 19, 27, 0.703703703704, 18, 40, 58, 14, 8, 6, 8, 19, 
90, 101, 38, 83, 0.457831325301, 8, 23, 0.347826086957, 6, 9, 0.666666666667, 3, 32, 35, 22, 1, 4, 12, 21, 39, 96, 0.40625, 4, 21, 0.190476190476, 19, 27, 0.703703703704, 18, 40, 58, 14, 8, 6, 8, 19, 
90, 101, 38, 83, 0.457831325301, 8, 23, 0.347826086957, 6, 9, 0.666666666667, 3, 32, 35, 22, 1, 4, 12, 21, 39, 96, 0.40625, 4, 21, 0.190476190476, 19, 27, 0.703703703704, 18, 40, 58, 14, 8, 6, 8, 19, 
90, 101, 38, 83, 0.457831325301, 8, 23, 0.347826086957, 6, 9, 0.666666666667, 3, 32, 35, 22, 1, 4, 12, 21, 39, 96, 0.40625, 4, 21, 0.190476190476, 19, 27, 0.703703703704, 18, 40, 58, 14, 8, 6, 8, 19, 
90, 101, 38, 83, 0.457831325301, 8, 23, 0.347826086957, 6, 9, 0.666666666667, 3, 32, 35, 22, 1, 4, 12, 21, 39, 96, 0.40625, 4, 21, 0.190476190476, 19, 27, 0.703703703704, 18, 40, 58, 14, 8, 6, 8, 19, 
