0, 0, 0, 0, 0, 0, 0, 0, 0, 0, 0, 0, 0, 0, 0, 0, 0, 0, 0, 0, 0, 0, 0, 0, 0, 0, 0, 0, 0, 0, 0, 0, 0, 0, 0, 0, 0, 0, 
3, 0, 1, 1, 1.0, 1, 1, 1.0, 0, 0, 0, 0, 2, 2, 1, 0, 0, 0, 0, 0, 2, 0.0, 0, 1, 0.0, 0, 0, 0, 0, 0, 0, 0, 0, 0, 0, 0, 0, 0, 
5, 0, 1, 1, 1.0, 1, 1, 1.0, 2, 2, 1.0, 0, 2, 2, 1, 0, 0, 0, 0, 0, 3, 0.0, 0, 2, 0.0, 0, 0, 0, 0, 0, 0, 0, 0, 0, 0, 1, 0, 0, 
5, 0, 1, 2, 0.5, 1, 1, 1.0, 2, 2, 1.0, 0, 4, 4, 1, 0, 0, 0, 0, 0, 4, 0.0, 0, 2, 0.0, 0, 0, 0, 0, 1, 1, 0, 0, 0, 0, 2, 0, 0, 
7, 0, 1, 2, 0.5, 1, 1, 1.0, 4, 4, 1.0, 0, 4, 4, 1, 0, 0, 0, 0, 0, 4, 0.0, 0, 2, 0.0, 0, 0, 0, 0, 1, 1, 0, 0, 0, 0, 2, 0, 0, 
9, 0, 2, 3, 0.666666666667, 1, 1, 1.0, 4, 4, 1.0, 0, 4, 4, 2, 0, 0, 0, 0, 0, 4, 0.0, 0, 2, 0.0, 0, 0, 0, 0, 1, 1, 0, 0, 0, 1, 3, 0, 0, 
9, 0, 2, 3, 0.666666666667, 1, 1, 1.0, 4, 4, 1.0, 0, 4, 4, 2, 0, 0, 0, 0, 0, 4, 0.0, 0, 2, 0.0, 0, 0, 0, 0, 1, 1, 0, 0, 0, 1, 3, 0, 0, 
9, 0, 2, 3, 0.666666666667, 1, 1, 1.0, 4, 5, 0.8, 0, 4, 4, 2, 0, 0, 0, 0, 0, 4, 0.0, 0, 2, 0.0, 0, 0, 0, 0, 1, 1, 0, 0, 0, 1, 3, 0, 0, 
9, 2, 2, 3, 0.666666666667, 1, 1, 1.0, 4, 5, 0.8, 0, 4, 4, 2, 0, 0, 0, 0, 1, 5, 0.2, 0, 2, 0.0, 0, 0, 0, 0, 2, 2, 1, 0, 0, 1, 3, 0, 0, 
10, 2, 2, 3, 0.666666666667, 1, 1, 1.0, 5, 6, 0.833333333333, 0, 4, 4, 2, 0, 0, 0, 0, 1, 5, 0.2, 0, 2, 0.0, 0, 0, 0, 0, 2, 2, 1, 0, 0, 1, 4, 0, 0, 
11, 2, 2, 4, 0.5, 1, 1, 1.0, 6, 7, 0.857142857143, 0, 5, 5, 2, 0, 0, 0, 1, 1, 8, 0.125, 0, 2, 0.0, 0, 1, 0.0, 2, 3, 5, 1, 0, 0, 1, 4, 0, 0, 
13, 4, 3, 5, 0.6, 1, 1, 1.0, 6, 7, 0.857142857143, 0, 6, 6, 3, 0, 0, 0, 1, 2, 9, 0.222222222222, 0, 2, 0.0, 0, 2, 0.0, 2, 3, 5, 2, 0, 0, 1, 4, 0, 0, 
15, 4, 3, 5, 0.6, 1, 1, 1.0, 8, 9, 0.888888888889, 0, 6, 6, 3, 0, 0, 0, 1, 2, 9, 0.222222222222, 0, 2, 0.0, 0, 2, 0.0, 2, 3, 5, 2, 0, 0, 1, 5, 0, 0, 
17, 6, 4, 6, 0.666666666667, 1, 1, 1.0, 8, 10, 0.8, 0, 6, 6, 4, 0, 0, 0, 1, 3, 10, 0.3, 0, 2, 0.0, 0, 2, 0.0, 2, 4, 6, 3, 0, 0, 1, 6, 0, 0, 
17, 8, 4, 6, 0.666666666667, 1, 1, 1.0, 8, 10, 0.8, 0, 6, 6, 4, 0, 0, 0, 2, 3, 10, 0.3, 0, 2, 0.0, 2, 4, 0.5, 2, 4, 6, 3, 0, 0, 1, 6, 0, 0, 
19, 12, 5, 8, 0.625, 1, 2, 0.5, 8, 10, 0.8, 0, 6, 6, 5, 0, 0, 0, 2, 5, 12, 0.416666666667, 0, 2, 0.0, 2, 4, 0.5, 2, 5, 7, 4, 0, 0, 1, 6, 0, 0, 
19, 12, 5, 8, 0.625, 1, 2, 0.5, 8, 10, 0.8, 0, 6, 6, 5, 0, 0, 0, 2, 5, 12, 0.416666666667, 0, 2, 0.0, 2, 4, 0.5, 2, 5, 7, 4, 0, 0, 1, 6, 0, 0, 
19, 12, 5, 8, 0.625, 1, 2, 0.5, 8, 10, 0.8, 0, 6, 6, 5, 0, 0, 0, 2, 5, 12, 0.416666666667, 0, 2, 0.0, 2, 4, 0.5, 2, 5, 7, 4, 0, 0, 1, 6, 0, 0, 
19, 12, 5, 9, 0.555555555556, 1, 3, 0.333333333333, 8, 10, 0.8, 0, 6, 6, 5, 0, 0, 0, 2, 5, 12, 0.416666666667, 0, 2, 0.0, 2, 4, 0.5, 2, 6, 8, 4, 0, 0, 2, 7, 0, 0, 
21, 12, 6, 12, 0.5, 1, 3, 0.333333333333, 8, 10, 0.8, 1, 7, 8, 5, 0, 0, 0, 2, 5, 13, 0.384615384615, 0, 2, 0.0, 2, 4, 0.5, 2, 6, 8, 4, 0, 1, 2, 7, 0, 0, 
21, 12, 6, 12, 0.5, 1, 3, 0.333333333333, 8, 11, 0.727272727273, 1, 7, 8, 5, 0, 0, 0, 2, 5, 13, 0.384615384615, 0, 2, 0.0, 2, 4, 0.5, 2, 6, 8, 4, 0, 1, 2, 8, 0, 0, 
22, 12, 6, 12, 0.5, 1, 3, 0.333333333333, 9, 12, 0.75, 1, 7, 8, 5, 0, 0, 0, 2, 5, 14, 0.357142857143, 0, 2, 0.0, 2, 4, 0.5, 2, 6, 8, 4, 0, 1, 2, 8, 0, 0, 
22, 14, 6, 14, 0.428571428571, 1, 4, 0.25, 9, 12, 0.75, 2, 7, 9, 5, 0, 0, 0, 2, 6, 15, 0.4, 0, 2, 0.0, 2, 4, 0.5, 2, 7, 9, 5, 0, 1, 2, 8, 0, 0, 
22, 19, 6, 16, 0.375, 1, 6, 0.166666666667, 9, 12, 0.75, 2, 7, 9, 5, 0, 0, 0, 2, 8, 17, 0.470588235294, 1, 3, 0.333333333333, 2, 4, 0.5, 2, 8, 10, 7, 0, 2, 2, 8, 0, 0, 
23, 19, 6, 16, 0.375, 1, 6, 0.166666666667, 10, 13, 0.769230769231, 2, 8, 10, 5, 0, 0, 0, 2, 8, 18, 0.444444444444, 1, 4, 0.25, 2, 4, 0.5, 2, 9, 11, 7, 0, 2, 2, 9, 0, 0, 
27, 19, 7, 17, 0.411764705882, 2, 7, 0.285714285714, 11, 14, 0.785714285714, 2, 8, 10, 6, 1, 0, 0, 2, 8, 18, 0.444444444444, 1, 4, 0.25, 2, 4, 0.5, 2, 9, 11, 7, 0, 2, 3, 9, 0, 0, 
30, 19, 8, 20, 0.4, 3, 8, 0.375, 11, 14, 0.785714285714, 3, 8, 11, 7, 2, 0, 0, 2, 8, 19, 0.421052631579, 1, 4, 0.25, 2, 4, 0.5, 2, 10, 12, 7, 0, 3, 5, 9, 0, 0, 
30, 21, 8, 21, 0.380952380952, 3, 9, 0.333333333333, 11, 14, 0.785714285714, 3, 9, 12, 7, 2, 0, 0, 3, 9, 20, 0.45, 1, 4, 0.25, 2, 4, 0.5, 2, 11, 13, 8, 0, 3, 5, 9, 0, 0, 
30, 21, 8, 21, 0.380952380952, 3, 9, 0.333333333333, 11, 14, 0.785714285714, 3, 9, 12, 7, 2, 0, 0, 4, 9, 20, 0.45, 1, 4, 0.25, 2, 5, 0.4, 3, 11, 14, 8, 0, 3, 5, 9, 0, 0, 
30, 23, 8, 22, 0.363636363636, 3, 9, 0.333333333333, 11, 14, 0.785714285714, 3, 10, 13, 7, 2, 0, 0, 4, 9, 21, 0.428571428571, 1, 5, 0.2, 4, 7, 0.571428571429, 3, 12, 15, 8, 0, 4, 5, 9, 0, 0, 
31, 23, 8, 23, 0.347826086957, 3, 10, 0.3, 12, 16, 0.75, 3, 10, 13, 7, 3, 0, 0, 4, 9, 21, 0.428571428571, 1, 5, 0.2, 4, 7, 0.571428571429, 3, 12, 15, 8, 0, 4, 6, 10, 0, 0, 
31, 23, 8, 23, 0.347826086957, 3, 10, 0.3, 12, 16, 0.75, 3, 10, 13, 7, 3, 0, 0, 4, 9, 21, 0.428571428571, 1, 5, 0.2, 4, 7, 0.571428571429, 3, 12, 15, 8, 0, 4, 6, 10, 0, 0, 
31, 23, 8, 23, 0.347826086957, 3, 10, 0.3, 12, 16, 0.75, 3, 10, 13, 7, 3, 0, 0, 4, 9, 21, 0.428571428571, 1, 5, 0.2, 4, 7, 0.571428571429, 3, 12, 15, 8, 0, 4, 6, 10, 0, 0, 
31, 23, 8, 23, 0.347826086957, 3, 10, 0.3, 12, 16, 0.75, 3, 10, 13, 7, 3, 0, 0, 4, 9, 21, 0.428571428571, 1, 5, 0.2, 4, 7, 0.571428571429, 3, 12, 15, 8, 0, 4, 6, 10, 0, 0, 
33, 25, 9, 26, 0.346153846154, 3, 10, 0.3, 12, 16, 0.75, 3, 10, 13, 7, 4, 0, 0, 5, 10, 22, 0.454545454545, 1, 5, 0.2, 4, 7, 0.571428571429, 3, 12, 15, 8, 0, 4, 7, 10, 0, 0, 
33, 27, 9, 27, 0.333333333333, 3, 11, 0.272727272727, 12, 16, 0.75, 3, 10, 13, 7, 4, 0, 0, 6, 11, 25, 0.44, 1, 6, 0.166666666667, 4, 7, 0.571428571429, 5, 13, 18, 8, 0, 4, 7, 10, 0, 0, 
34, 29, 9, 27, 0.333333333333, 3, 11, 0.272727272727, 13, 17, 0.764705882353, 3, 10, 13, 7, 4, 0, 0, 6, 12, 26, 0.461538461538, 1, 6, 0.166666666667, 4, 7, 0.571428571429, 5, 13, 18, 9, 0, 4, 7, 11, 0, 0, 
34, 29, 9, 28, 0.321428571429, 3, 12, 0.25, 13, 18, 0.722222222222, 3, 11, 14, 7, 4, 0, 0, 6, 12, 27, 0.444444444444, 1, 6, 0.166666666667, 4, 7, 0.571428571429, 5, 15, 20, 9, 0, 4, 7, 11, 0, 0, 
39, 31, 11, 30, 0.366666666667, 4, 13, 0.307692307692, 13, 18, 0.722222222222, 3, 12, 15, 9, 4, 0, 0, 6, 13, 29, 0.448275862069, 1, 6, 0.166666666667, 4, 7, 0.571428571429, 5, 15, 20, 10, 0, 4, 7, 11, 0, 0, 
39, 31, 11, 30, 0.366666666667, 4, 13, 0.307692307692, 13, 18, 0.722222222222, 3, 12, 15, 9, 4, 0, 0, 6, 13, 29, 0.448275862069, 1, 6, 0.166666666667, 4, 7, 0.571428571429, 5, 15, 20, 10, 0, 4, 7, 11, 0, 0, 
39, 31, 11, 30, 0.366666666667, 4, 13, 0.307692307692, 13, 18, 0.722222222222, 3, 12, 15, 9, 4, 0, 0, 6, 13, 29, 0.448275862069, 1, 6, 0.166666666667, 4, 7, 0.571428571429, 5, 15, 20, 10, 0, 4, 7, 11, 0, 0, 
39, 31, 11, 30, 0.366666666667, 4, 13, 0.307692307692, 13, 18, 0.722222222222, 3, 12, 15, 9, 4, 0, 0, 6, 13, 29, 0.448275862069, 1, 6, 0.166666666667, 4, 7, 0.571428571429, 5, 15, 20, 10, 0, 4, 7, 11, 0, 0, 
39, 31, 11, 32, 0.34375, 4, 15, 0.266666666667, 13, 18, 0.722222222222, 3, 13, 16, 9, 4, 0, 0, 6, 13, 30, 0.433333333333, 1, 6, 0.166666666667, 4, 7, 0.571428571429, 5, 15, 20, 10, 0, 4, 8, 11, 0, 0, 
42, 31, 12, 33, 0.363636363636, 5, 16, 0.3125, 13, 18, 0.722222222222, 4, 13, 17, 10, 4, 0, 0, 6, 13, 30, 0.433333333333, 1, 6, 0.166666666667, 4, 7, 0.571428571429, 5, 15, 20, 10, 0, 4, 8, 11, 0, 0, 
42, 33, 12, 33, 0.363636363636, 5, 16, 0.3125, 13, 18, 0.722222222222, 4, 13, 17, 10, 4, 0, 0, 6, 14, 31, 0.451612903226, 1, 6, 0.166666666667, 4, 7, 0.571428571429, 5, 15, 20, 10, 0, 4, 8, 11, 0, 0, 
42, 33, 12, 33, 0.363636363636, 5, 16, 0.3125, 13, 18, 0.722222222222, 4, 13, 17, 10, 4, 0, 0, 6, 14, 31, 0.451612903226, 1, 6, 0.166666666667, 4, 7, 0.571428571429, 5, 15, 20, 10, 0, 4, 8, 11, 0, 0, 
42, 33, 12, 34, 0.352941176471, 5, 16, 0.3125, 13, 18, 0.722222222222, 4, 14, 18, 10, 4, 0, 1, 6, 14, 32, 0.4375, 1, 6, 0.166666666667, 4, 7, 0.571428571429, 5, 16, 21, 10, 1, 5, 8, 11, 0, 0, 
42, 33, 12, 35, 0.342857142857, 5, 17, 0.294117647059, 13, 18, 0.722222222222, 4, 15, 19, 10, 5, 0, 1, 6, 14, 33, 0.424242424242, 1, 6, 0.166666666667, 4, 7, 0.571428571429, 5, 17, 22, 10, 1, 4, 9, 11, 0, 0, 
44, 33, 12, 35, 0.342857142857, 5, 17, 0.294117647059, 15, 20, 0.75, 4, 15, 19, 10, 5, 0, 1, 6, 14, 33, 0.424242424242, 1, 6, 0.166666666667, 4, 7, 0.571428571429, 5, 17, 22, 10, 1, 4, 9, 12, 0, 0, 
47, 35, 13, 37, 0.351351351351, 6, 18, 0.333333333333, 15, 20, 0.75, 4, 16, 20, 11, 5, 0, 1, 7, 15, 36, 0.416666666667, 1, 7, 0.142857142857, 4, 7, 0.571428571429, 6, 18, 24, 10, 1, 4, 9, 12, 0, 0, 
47, 37, 13, 38, 0.342105263158, 6, 18, 0.333333333333, 15, 20, 0.75, 4, 16, 20, 11, 5, 0, 1, 7, 16, 38, 0.421052631579, 1, 7, 0.142857142857, 4, 7, 0.571428571429, 7, 19, 26, 11, 1, 5, 9, 12, 0, 0, 
47, 37, 13, 38, 0.342105263158, 6, 18, 0.333333333333, 15, 20, 0.75, 4, 16, 20, 11, 5, 0, 1, 8, 16, 38, 0.421052631579, 1, 7, 0.142857142857, 4, 7, 0.571428571429, 7, 19, 26, 11, 1, 5, 9, 12, 0, 0, 
47, 37, 13, 38, 0.342105263158, 6, 18, 0.333333333333, 15, 20, 0.75, 4, 16, 20, 11, 5, 0, 1, 8, 16, 38, 0.421052631579, 1, 7, 0.142857142857, 4, 7, 0.571428571429, 7, 19, 26, 11, 1, 5, 9, 12, 0, 0, 
47, 38, 13, 38, 0.342105263158, 6, 18, 0.333333333333, 15, 20, 0.75, 4, 16, 20, 11, 5, 0, 1, 8, 16, 38, 0.421052631579, 1, 7, 0.142857142857, 5, 8, 0.625, 7, 19, 26, 11, 1, 5, 9, 12, 0, 0, 
48, 39, 13, 38, 0.342105263158, 6, 18, 0.333333333333, 16, 21, 0.761904761905, 4, 16, 20, 11, 5, 0, 1, 8, 16, 38, 0.421052631579, 1, 7, 0.142857142857, 6, 9, 0.666666666667, 7, 19, 26, 11, 1, 5, 9, 13, 0, 0, 
49, 41, 13, 39, 0.333333333333, 6, 19, 0.315789473684, 17, 22, 0.772727272727, 4, 16, 20, 11, 5, 0, 1, 8, 17, 40, 0.425, 1, 7, 0.142857142857, 6, 9, 0.666666666667, 8, 20, 28, 11, 1, 5, 9, 13, 0, 0, 
49, 43, 13, 40, 0.325, 6, 20, 0.3, 17, 22, 0.772727272727, 4, 16, 20, 11, 5, 0, 1, 8, 18, 42, 0.428571428571, 1, 7, 0.142857142857, 6, 9, 0.666666666667, 8, 21, 29, 12, 1, 5, 9, 14, 0, 0, 
50, 43, 13, 40, 0.325, 6, 20, 0.3, 18, 23, 0.782608695652, 4, 16, 20, 11, 5, 0, 1, 8, 18, 42, 0.428571428571, 1, 7, 0.142857142857, 6, 9, 0.666666666667, 8, 21, 29, 12, 1, 5, 9, 15, 0, 0, 
51, 44, 13, 40, 0.325, 6, 20, 0.3, 19, 24, 0.791666666667, 4, 16, 20, 11, 5, 1, 1, 9, 18, 43, 0.418604651163, 1, 7, 0.142857142857, 7, 10, 0.7, 8, 21, 29, 12, 1, 5, 9, 15, 0, 0, 
51, 45, 13, 41, 0.317073170732, 6, 21, 0.285714285714, 19, 24, 0.791666666667, 4, 16, 20, 11, 5, 1, 1, 9, 18, 43, 0.418604651163, 1, 7, 0.142857142857, 8, 11, 0.727272727273, 8, 22, 30, 12, 1, 5, 10, 15, 0, 0, 
51, 45, 13, 41, 0.317073170732, 6, 21, 0.285714285714, 19, 24, 0.791666666667, 4, 16, 20, 11, 5, 1, 1, 9, 18, 43, 0.418604651163, 1, 7, 0.142857142857, 8, 11, 0.727272727273, 8, 22, 30, 12, 1, 5, 10, 15, 0, 0, 
51, 45, 13, 42, 0.309523809524, 6, 21, 0.285714285714, 19, 24, 0.791666666667, 4, 16, 20, 11, 5, 1, 1, 9, 18, 43, 0.418604651163, 1, 7, 0.142857142857, 8, 11, 0.727272727273, 8, 22, 30, 12, 1, 5, 10, 15, 0, 0, 
51, 45, 13, 42, 0.309523809524, 6, 21, 0.285714285714, 19, 24, 0.791666666667, 4, 17, 21, 11, 5, 1, 2, 9, 18, 44, 0.409090909091, 1, 7, 0.142857142857, 8, 11, 0.727272727273, 8, 23, 31, 12, 2, 5, 10, 15, 0, 0, 
51, 45, 13, 42, 0.309523809524, 6, 21, 0.285714285714, 19, 24, 0.791666666667, 4, 17, 21, 11, 5, 1, 2, 9, 18, 44, 0.409090909091, 1, 7, 0.142857142857, 8, 11, 0.727272727273, 8, 23, 31, 12, 2, 5, 10, 15, 0, 0, 
51, 45, 13, 42, 0.309523809524, 6, 21, 0.285714285714, 19, 24, 0.791666666667, 4, 17, 21, 11, 5, 1, 2, 9, 18, 44, 0.409090909091, 1, 7, 0.142857142857, 8, 11, 0.727272727273, 8, 23, 31, 12, 2, 5, 10, 15, 0, 0, 
51, 45, 13, 42, 0.309523809524, 6, 21, 0.285714285714, 19, 24, 0.791666666667, 4, 17, 21, 11, 5, 1, 2, 9, 18, 44, 0.409090909091, 1, 7, 0.142857142857, 8, 11, 0.727272727273, 8, 23, 31, 12, 2, 5, 10, 15, 0, 0, 
51, 45, 13, 42, 0.309523809524, 6, 21, 0.285714285714, 19, 24, 0.791666666667, 4, 17, 21, 11, 5, 1, 2, 9, 18, 44, 0.409090909091, 1, 7, 0.142857142857, 8, 11, 0.727272727273, 8, 23, 31, 12, 2, 5, 10, 15, 0, 0, 
51, 45, 13, 42, 0.309523809524, 6, 21, 0.285714285714, 19, 24, 0.791666666667, 4, 17, 21, 11, 5, 1, 2, 9, 18, 44, 0.409090909091, 1, 7, 0.142857142857, 8, 11, 0.727272727273, 8, 23, 31, 12, 2, 5, 10, 15, 0, 0, 
51, 45, 13, 42, 0.309523809524, 6, 21, 0.285714285714, 19, 24, 0.791666666667, 4, 17, 21, 11, 5, 1, 2, 9, 18, 44, 0.409090909091, 1, 7, 0.142857142857, 8, 11, 0.727272727273, 8, 23, 31, 12, 2, 5, 10, 15, 0, 0, 
51, 45, 13, 42, 0.309523809524, 6, 21, 0.285714285714, 19, 24, 0.791666666667, 4, 17, 21, 11, 5, 1, 2, 9, 18, 44, 0.409090909091, 1, 7, 0.142857142857, 8, 11, 0.727272727273, 8, 23, 31, 12, 2, 5, 10, 15, 0, 0, 
51, 45, 13, 42, 0.309523809524, 6, 21, 0.285714285714, 19, 24, 0.791666666667, 4, 17, 21, 11, 5, 1, 2, 9, 18, 44, 0.409090909091, 1, 7, 0.142857142857, 8, 11, 0.727272727273, 8, 23, 31, 12, 2, 5, 10, 15, 0, 0, 
51, 45, 13, 42, 0.309523809524, 6, 21, 0.285714285714, 19, 24, 0.791666666667, 4, 17, 21, 11, 5, 1, 2, 9, 18, 44, 0.409090909091, 1, 7, 0.142857142857, 8, 11, 0.727272727273, 8, 23, 31, 12, 2, 5, 10, 15, 0, 0, 
51, 45, 13, 42, 0.309523809524, 6, 21, 0.285714285714, 19, 24, 0.791666666667, 4, 17, 21, 11, 5, 1, 2, 9, 18, 44, 0.409090909091, 1, 7, 0.142857142857, 8, 11, 0.727272727273, 8, 23, 31, 12, 2, 5, 10, 15, 0, 0, 
51, 45, 13, 42, 0.309523809524, 6, 21, 0.285714285714, 19, 24, 0.791666666667, 4, 17, 21, 11, 5, 1, 2, 9, 18, 44, 0.409090909091, 1, 7, 0.142857142857, 8, 11, 0.727272727273, 8, 23, 31, 12, 2, 5, 10, 15, 0, 0, 
51, 45, 13, 42, 0.309523809524, 6, 21, 0.285714285714, 19, 24, 0.791666666667, 4, 17, 21, 11, 5, 1, 2, 9, 18, 44, 0.409090909091, 1, 7, 0.142857142857, 8, 11, 0.727272727273, 8, 23, 31, 12, 2, 5, 10, 15, 0, 0, 
51, 45, 13, 42, 0.309523809524, 6, 21, 0.285714285714, 19, 24, 0.791666666667, 4, 17, 21, 11, 5, 1, 2, 9, 18, 44, 0.409090909091, 1, 7, 0.142857142857, 8, 11, 0.727272727273, 8, 23, 31, 12, 2, 5, 10, 15, 0, 0, 
51, 45, 13, 42, 0.309523809524, 6, 21, 0.285714285714, 19, 24, 0.791666666667, 4, 17, 21, 11, 5, 1, 2, 9, 18, 44, 0.409090909091, 1, 7, 0.142857142857, 8, 11, 0.727272727273, 8, 23, 31, 12, 2, 5, 10, 15, 0, 0, 
51, 45, 13, 42, 0.309523809524, 6, 21, 0.285714285714, 19, 24, 0.791666666667, 4, 17, 21, 11, 5, 1, 2, 9, 18, 44, 0.409090909091, 1, 7, 0.142857142857, 8, 11, 0.727272727273, 8, 23, 31, 12, 2, 5, 10, 15, 0, 0, 
51, 45, 13, 43, 0.302325581395, 6, 21, 0.285714285714, 19, 24, 0.791666666667, 4, 17, 21, 11, 5, 1, 2, 9, 18, 44, 0.409090909091, 1, 7, 0.142857142857, 8, 11, 0.727272727273, 8, 24, 32, 12, 2, 5, 10, 15, 0, 0, 
53, 45, 14, 44, 0.318181818182, 6, 21, 0.285714285714, 19, 24, 0.791666666667, 4, 17, 21, 11, 5, 1, 2, 10, 18, 46, 0.391304347826, 1, 8, 0.125, 8, 11, 0.727272727273, 8, 24, 32, 12, 2, 5, 10, 16, 0, 0, 
54, 45, 14, 45, 0.311111111111, 6, 21, 0.285714285714, 20, 26, 0.769230769231, 5, 18, 23, 11, 5, 1, 2, 10, 18, 47, 0.382978723404, 1, 9, 0.111111111111, 8, 11, 0.727272727273, 8, 25, 33, 12, 2, 6, 10, 17, 0, 0, 
54, 45, 14, 45, 0.311111111111, 6, 21, 0.285714285714, 20, 26, 0.769230769231, 5, 19, 24, 11, 5, 1, 2, 10, 18, 47, 0.382978723404, 1, 9, 0.111111111111, 8, 11, 0.727272727273, 8, 25, 33, 12, 2, 6, 10, 18, 0, 0, 
54, 45, 14, 45, 0.311111111111, 6, 21, 0.285714285714, 20, 26, 0.769230769231, 5, 19, 24, 11, 5, 1, 2, 10, 18, 47, 0.382978723404, 1, 9, 0.111111111111, 8, 11, 0.727272727273, 8, 25, 33, 12, 2, 6, 10, 18, 0, 0, 
55, 45, 14, 46, 0.304347826087, 6, 21, 0.285714285714, 21, 27, 0.777777777778, 5, 19, 24, 11, 5, 1, 2, 10, 18, 47, 0.382978723404, 1, 9, 0.111111111111, 8, 11, 0.727272727273, 8, 25, 33, 12, 2, 6, 10, 20, 0, 0, 
59, 45, 15, 47, 0.31914893617, 7, 22, 0.318181818182, 22, 28, 0.785714285714, 5, 20, 25, 12, 5, 1, 2, 10, 18, 48, 0.375, 1, 9, 0.111111111111, 8, 11, 0.727272727273, 8, 25, 33, 12, 2, 6, 10, 20, 0, 0, 
60, 45, 15, 47, 0.31914893617, 7, 22, 0.318181818182, 23, 29, 0.793103448276, 5, 20, 25, 12, 5, 1, 2, 10, 18, 48, 0.375, 1, 9, 0.111111111111, 8, 11, 0.727272727273, 8, 25, 33, 12, 2, 6, 10, 20, 0, 0, 
60, 47, 15, 47, 0.31914893617, 7, 22, 0.318181818182, 23, 30, 0.766666666667, 5, 20, 25, 12, 5, 1, 2, 11, 18, 48, 0.375, 1, 9, 0.111111111111, 10, 13, 0.769230769231, 8, 25, 33, 12, 2, 6, 10, 21, 0, 0, 
61, 47, 15, 48, 0.3125, 7, 23, 0.304347826087, 24, 31, 0.774193548387, 5, 21, 26, 12, 5, 1, 2, 11, 18, 50, 0.36, 1, 10, 0.1, 10, 13, 0.769230769231, 8, 26, 34, 12, 2, 6, 10, 21, 0, 0, 
61, 49, 15, 48, 0.3125, 7, 23, 0.304347826087, 24, 31, 0.774193548387, 5, 22, 27, 12, 5, 1, 4, 13, 19, 52, 0.365384615385, 1, 10, 0.1, 10, 13, 0.769230769231, 9, 26, 35, 12, 2, 6, 10, 21, 0, 0, 
61, 51, 15, 48, 0.3125, 7, 23, 0.304347826087, 24, 31, 0.774193548387, 5, 22, 27, 12, 5, 1, 4, 13, 20, 53, 0.377358490566, 1, 10, 0.1, 10, 13, 0.769230769231, 9, 26, 35, 13, 2, 6, 10, 22, 0, 0, 
63, 51, 15, 48, 0.3125, 7, 23, 0.304347826087, 26, 33, 0.787878787879, 5, 23, 28, 12, 5, 1, 4, 13, 20, 54, 0.37037037037, 1, 10, 0.1, 10, 13, 0.769230769231, 9, 26, 35, 13, 2, 6, 10, 22, 0, 0, 
63, 54, 15, 48, 0.3125, 7, 23, 0.304347826087, 26, 33, 0.787878787879, 5, 23, 28, 12, 5, 1, 5, 13, 21, 55, 0.381818181818, 2, 11, 0.181818181818, 10, 13, 0.769230769231, 9, 26, 35, 14, 3, 6, 10, 22, 0, 0, 
66, 55, 16, 49, 0.326530612245, 8, 24, 0.333333333333, 26, 33, 0.787878787879, 5, 23, 28, 12, 5, 1, 5, 14, 21, 55, 0.381818181818, 2, 11, 0.181818181818, 11, 15, 0.733333333333, 9, 26, 35, 14, 3, 6, 10, 23, 0, 0, 
68, 55, 16, 49, 0.326530612245, 8, 24, 0.333333333333, 28, 35, 0.8, 5, 23, 28, 12, 5, 1, 5, 15, 21, 55, 0.381818181818, 2, 11, 0.181818181818, 11, 15, 0.733333333333, 9, 26, 35, 14, 3, 6, 10, 23, 0, 0, 
68, 55, 16, 49, 0.326530612245, 8, 24, 0.333333333333, 28, 35, 0.8, 5, 23, 28, 12, 5, 1, 5, 15, 21, 55, 0.381818181818, 2, 11, 0.181818181818, 11, 15, 0.733333333333, 9, 26, 35, 14, 3, 6, 10, 23, 0, 0, 
68, 55, 16, 49, 0.326530612245, 8, 24, 0.333333333333, 28, 35, 0.8, 5, 23, 28, 12, 5, 1, 5, 15, 21, 55, 0.381818181818, 2, 11, 0.181818181818, 11, 15, 0.733333333333, 9, 26, 35, 14, 3, 6, 10, 23, 0, 0, 
68, 56, 16, 49, 0.326530612245, 8, 24, 0.333333333333, 28, 35, 0.8, 5, 23, 28, 12, 5, 1, 5, 15, 21, 55, 0.381818181818, 2, 11, 0.181818181818, 12, 16, 0.75, 9, 26, 35, 14, 3, 6, 10, 23, 0, 0, 
68, 57, 16, 52, 0.307692307692, 8, 26, 0.307692307692, 28, 35, 0.8, 6, 23, 29, 12, 5, 1, 5, 15, 21, 55, 0.381818181818, 2, 11, 0.181818181818, 13, 17, 0.764705882353, 9, 27, 36, 14, 3, 7, 11, 23, 0, 0, 
68, 57, 16, 52, 0.307692307692, 8, 26, 0.307692307692, 28, 35, 0.8, 6, 23, 29, 12, 5, 1, 5, 15, 21, 55, 0.381818181818, 2, 11, 0.181818181818, 13, 17, 0.764705882353, 9, 27, 36, 14, 3, 7, 12, 23, 0, 0, 
71, 60, 17, 56, 0.303571428571, 9, 29, 0.310344827586, 28, 35, 0.8, 7, 25, 32, 13, 5, 3, 5, 15, 22, 58, 0.379310344828, 3, 12, 0.25, 13, 17, 0.764705882353, 9, 29, 38, 15, 3, 8, 12, 23, 0, 0, 
71, 60, 17, 56, 0.303571428571, 9, 29, 0.310344827586, 28, 35, 0.8, 7, 25, 32, 13, 5, 3, 5, 15, 22, 58, 0.379310344828, 3, 12, 0.25, 13, 17, 0.764705882353, 9, 29, 38, 15, 3, 8, 12, 23, 0, 0, 
71, 60, 17, 56, 0.303571428571, 9, 29, 0.310344827586, 28, 35, 0.8, 7, 25, 32, 13, 5, 3, 5, 15, 22, 58, 0.379310344828, 3, 12, 0.25, 13, 17, 0.764705882353, 9, 29, 38, 15, 3, 8, 12, 23, 0, 0, 
72, 60, 17, 56, 0.303571428571, 9, 29, 0.310344827586, 29, 36, 0.805555555556, 7, 25, 32, 13, 5, 3, 5, 15, 22, 58, 0.379310344828, 3, 12, 0.25, 13, 17, 0.764705882353, 9, 29, 38, 15, 3, 8, 12, 24, 0, 0, 
73, 63, 17, 57, 0.298245614035, 9, 30, 0.3, 30, 37, 0.810810810811, 7, 25, 32, 13, 5, 3, 5, 15, 23, 59, 0.389830508475, 4, 13, 0.307692307692, 13, 17, 0.764705882353, 9, 30, 39, 16, 3, 8, 12, 24, 0, 0, 
73, 65, 17, 58, 0.293103448276, 9, 30, 0.3, 30, 37, 0.810810810811, 7, 25, 32, 13, 5, 3, 5, 16, 23, 59, 0.389830508475, 4, 13, 0.307692307692, 15, 19, 0.789473684211, 9, 30, 39, 16, 3, 9, 12, 24, 0, 0, 
75, 67, 18, 59, 0.305084745763, 9, 30, 0.3, 30, 37, 0.810810810811, 7, 25, 32, 14, 5, 3, 5, 16, 24, 60, 0.4, 4, 13, 0.307692307692, 15, 19, 0.789473684211, 9, 31, 40, 17, 3, 9, 12, 24, 0, 0, 
75, 69, 18, 59, 0.305084745763, 9, 30, 0.3, 30, 37, 0.810810810811, 7, 25, 32, 14, 5, 3, 6, 17, 25, 61, 0.409836065574, 4, 13, 0.307692307692, 15, 19, 0.789473684211, 9, 31, 40, 18, 4, 9, 12, 24, 0, 0, 
75, 71, 18, 59, 0.305084745763, 9, 30, 0.3, 30, 37, 0.810810810811, 7, 25, 32, 14, 5, 3, 6, 17, 25, 61, 0.409836065574, 4, 13, 0.307692307692, 17, 21, 0.809523809524, 9, 31, 40, 18, 4, 9, 12, 25, 0, 0, 
76, 71, 18, 59, 0.305084745763, 9, 30, 0.3, 31, 39, 0.794871794872, 8, 25, 33, 14, 5, 3, 7, 17, 25, 63, 0.396825396825, 4, 14, 0.285714285714, 17, 21, 0.809523809524, 10, 31, 41, 18, 4, 9, 12, 25, 0, 0, 
78, 73, 19, 60, 0.316666666667, 9, 30, 0.3, 31, 39, 0.794871794872, 8, 26, 34, 14, 5, 3, 8, 18, 26, 64, 0.40625, 4, 14, 0.285714285714, 17, 21, 0.809523809524, 10, 31, 41, 18, 5, 9, 12, 25, 0, 0, 
78, 75, 19, 61, 0.311475409836, 9, 30, 0.3, 31, 39, 0.794871794872, 8, 26, 34, 14, 5, 3, 8, 18, 26, 64, 0.40625, 4, 14, 0.285714285714, 19, 23, 0.826086956522, 10, 31, 41, 18, 5, 9, 12, 25, 0, 0, 
78, 75, 19, 61, 0.311475409836, 9, 30, 0.3, 31, 39, 0.794871794872, 8, 26, 34, 14, 5, 3, 8, 18, 26, 64, 0.40625, 4, 14, 0.285714285714, 19, 23, 0.826086956522, 10, 31, 41, 18, 5, 9, 12, 25, 0, 0, 
78, 75, 19, 61, 0.311475409836, 9, 30, 0.3, 31, 39, 0.794871794872, 8, 26, 34, 14, 5, 3, 8, 18, 26, 64, 0.40625, 4, 14, 0.285714285714, 19, 23, 0.826086956522, 10, 31, 41, 18, 5, 9, 12, 25, 0, 0, 
78, 75, 19, 61, 0.311475409836, 9, 30, 0.3, 31, 39, 0.794871794872, 8, 26, 34, 14, 5, 3, 8, 18, 26, 65, 0.4, 4, 15, 0.266666666667, 19, 23, 0.826086956522, 10, 31, 41, 18, 5, 9, 12, 25, 0, 0, 
78, 77, 19, 62, 0.306451612903, 9, 31, 0.290322580645, 31, 39, 0.794871794872, 8, 27, 35, 14, 5, 3, 9, 18, 27, 66, 0.409090909091, 4, 15, 0.266666666667, 19, 23, 0.826086956522, 10, 32, 42, 18, 5, 9, 12, 25, 0, 0, 
81, 80, 20, 63, 0.31746031746, 10, 32, 0.3125, 31, 39, 0.794871794872, 8, 28, 36, 15, 5, 3, 10, 18, 28, 68, 0.411764705882, 5, 16, 0.3125, 19, 23, 0.826086956522, 10, 32, 42, 19, 6, 9, 12, 25, 0, 0, 
83, 82, 21, 64, 0.328125, 10, 32, 0.3125, 31, 39, 0.794871794872, 8, 28, 36, 15, 5, 3, 10, 19, 29, 69, 0.420289855072, 5, 16, 0.3125, 19, 23, 0.826086956522, 10, 32, 42, 20, 6, 9, 12, 25, 0, 0, 
83, 85, 21, 65, 0.323076923077, 10, 33, 0.30303030303, 31, 39, 0.794871794872, 8, 28, 36, 15, 5, 3, 10, 20, 30, 70, 0.428571428571, 6, 17, 0.352941176471, 19, 23, 0.826086956522, 10, 33, 43, 21, 6, 9, 12, 25, 0, 0, 
86, 89, 22, 67, 0.328358208955, 11, 34, 0.323529411765, 31, 39, 0.794871794872, 8, 28, 36, 16, 5, 3, 10, 20, 32, 73, 0.438356164384, 6, 17, 0.352941176471, 19, 23, 0.826086956522, 11, 33, 44, 22, 6, 10, 12, 25, 0, 0, 
86, 91, 22, 67, 0.328358208955, 11, 34, 0.323529411765, 31, 39, 0.794871794872, 8, 28, 36, 16, 5, 3, 10, 20, 33, 74, 0.445945945946, 6, 17, 0.352941176471, 19, 23, 0.826086956522, 11, 34, 45, 23, 6, 10, 12, 25, 0, 0, 
86, 91, 22, 67, 0.328358208955, 11, 34, 0.323529411765, 31, 39, 0.794871794872, 8, 28, 36, 16, 5, 3, 10, 20, 33, 74, 0.445945945946, 6, 17, 0.352941176471, 19, 23, 0.826086956522, 11, 34, 45, 23, 6, 10, 12, 25, 0, 0, 
86, 91, 22, 67, 0.328358208955, 11, 34, 0.323529411765, 31, 39, 0.794871794872, 8, 28, 36, 16, 5, 3, 10, 20, 33, 74, 0.445945945946, 6, 17, 0.352941176471, 19, 23, 0.826086956522, 11, 34, 45, 23, 6, 10, 12, 25, 0, 0, 
87, 91, 22, 67, 0.328358208955, 11, 34, 0.323529411765, 32, 41, 0.780487804878, 8, 28, 36, 16, 5, 3, 10, 20, 33, 74, 0.445945945946, 6, 17, 0.352941176471, 19, 23, 0.826086956522, 11, 34, 45, 23, 6, 10, 12, 26, 0, 0, 
88, 93, 22, 68, 0.323529411765, 11, 34, 0.323529411765, 33, 42, 0.785714285714, 8, 28, 36, 16, 5, 3, 10, 20, 34, 75, 0.453333333333, 6, 17, 0.352941176471, 19, 23, 0.826086956522, 11, 35, 46, 24, 6, 10, 12, 26, 0, 0, 
90, 98, 23, 69, 0.333333333333, 11, 34, 0.323529411765, 33, 42, 0.785714285714, 8, 28, 36, 16, 5, 3, 10, 21, 36, 77, 0.467532467532, 7, 18, 0.388888888889, 19, 23, 0.826086956522, 11, 35, 46, 25, 6, 10, 12, 26, 0, 0, 
90, 101, 23, 70, 0.328571428571, 11, 34, 0.323529411765, 33, 42, 0.785714285714, 8, 28, 36, 16, 5, 3, 11, 21, 37, 78, 0.474358974359, 7, 18, 0.388888888889, 20, 24, 0.833333333333, 11, 36, 47, 26, 7, 10, 12, 26, 0, 0, 
92, 103, 24, 71, 0.338028169014, 11, 34, 0.323529411765, 33, 42, 0.785714285714, 8, 28, 36, 16, 5, 3, 11, 21, 38, 79, 0.481012658228, 7, 18, 0.388888888889, 20, 24, 0.833333333333, 11, 36, 47, 27, 7, 10, 12, 26, 0, 0, 
92, 103, 24, 71, 0.338028169014, 11, 34, 0.323529411765, 33, 42, 0.785714285714, 8, 28, 36, 16, 5, 3, 11, 21, 38, 79, 0.481012658228, 7, 18, 0.388888888889, 20, 24, 0.833333333333, 11, 36, 47, 27, 7, 10, 12, 26, 0, 0, 
92, 103, 24, 71, 0.338028169014, 11, 34, 0.323529411765, 33, 42, 0.785714285714, 8, 28, 36, 16, 5, 3, 11, 21, 38, 79, 0.481012658228, 7, 18, 0.388888888889, 20, 24, 0.833333333333, 11, 36, 47, 27, 7, 10, 12, 26, 0, 0, 
94, 103, 25, 72, 0.347222222222, 11, 34, 0.323529411765, 33, 42, 0.785714285714, 8, 28, 36, 17, 6, 3, 11, 22, 38, 80, 0.475, 7, 18, 0.388888888889, 20, 24, 0.833333333333, 12, 36, 48, 27, 7, 10, 13, 26, 0, 0, 
94, 105, 25, 73, 0.342465753425, 11, 35, 0.314285714286, 33, 42, 0.785714285714, 8, 29, 37, 17, 6, 3, 12, 22, 39, 82, 0.475609756098, 7, 18, 0.388888888889, 20, 24, 0.833333333333, 12, 36, 48, 28, 8, 10, 13, 26, 0, 0, 
94, 105, 25, 73, 0.342465753425, 11, 35, 0.314285714286, 33, 42, 0.785714285714, 8, 29, 37, 17, 6, 3, 12, 22, 39, 82, 0.475609756098, 7, 18, 0.388888888889, 20, 24, 0.833333333333, 12, 37, 49, 28, 8, 10, 14, 26, 0, 0, 
97, 105, 26, 74, 0.351351351351, 12, 36, 0.333333333333, 33, 42, 0.785714285714, 8, 30, 38, 18, 6, 3, 12, 22, 39, 83, 0.469879518072, 7, 18, 0.388888888889, 20, 24, 0.833333333333, 12, 37, 49, 28, 8, 10, 14, 27, 0, 0, 
97, 105, 26, 74, 0.351351351351, 12, 36, 0.333333333333, 33, 42, 0.785714285714, 8, 30, 38, 18, 6, 3, 12, 22, 39, 83, 0.469879518072, 7, 18, 0.388888888889, 20, 24, 0.833333333333, 12, 37, 49, 28, 8, 10, 14, 27, 0, 0, 
98, 105, 26, 74, 0.351351351351, 12, 36, 0.333333333333, 34, 43, 0.790697674419, 8, 30, 38, 18, 6, 3, 12, 22, 39, 83, 0.469879518072, 7, 18, 0.388888888889, 20, 24, 0.833333333333, 12, 37, 49, 28, 8, 10, 14, 27, 0, 0, 
99, 107, 26, 75, 0.346666666667, 12, 37, 0.324324324324, 35, 44, 0.795454545455, 8, 30, 38, 18, 6, 3, 12, 22, 40, 84, 0.47619047619, 7, 18, 0.388888888889, 20, 24, 0.833333333333, 12, 38, 50, 29, 8, 10, 14, 27, 0, 0, 
99, 108, 26, 75, 0.346666666667, 12, 37, 0.324324324324, 35, 44, 0.795454545455, 8, 31, 39, 18, 6, 3, 12, 23, 40, 85, 0.470588235294, 7, 19, 0.368421052632, 21, 26, 0.807692307692, 13, 38, 51, 29, 8, 10, 14, 27, 0, 0, 
101, 108, 27, 76, 0.355263157895, 12, 37, 0.324324324324, 35, 44, 0.795454545455, 8, 31, 39, 19, 6, 3, 12, 23, 40, 85, 0.470588235294, 7, 19, 0.368421052632, 21, 26, 0.807692307692, 13, 38, 51, 29, 8, 10, 15, 27, 0, 0, 
101, 108, 27, 76, 0.355263157895, 12, 37, 0.324324324324, 35, 44, 0.795454545455, 8, 31, 39, 19, 6, 3, 12, 23, 40, 85, 0.470588235294, 7, 19, 0.368421052632, 21, 26, 0.807692307692, 13, 38, 51, 29, 8, 10, 15, 27, 0, 0, 
101, 108, 27, 76, 0.355263157895, 12, 37, 0.324324324324, 35, 44, 0.795454545455, 8, 31, 39, 19, 6, 3, 13, 24, 40, 85, 0.470588235294, 7, 19, 0.368421052632, 21, 26, 0.807692307692, 13, 38, 51, 29, 8, 10, 15, 27, 0, 0, 
101, 110, 27, 77, 0.350649350649, 12, 38, 0.315789473684, 35, 44, 0.795454545455, 8, 31, 39, 19, 6, 3, 13, 24, 41, 86, 0.476744186047, 7, 19, 0.368421052632, 21, 26, 0.807692307692, 13, 39, 52, 30, 8, 10, 15, 27, 0, 0, 
101, 110, 27, 77, 0.350649350649, 12, 38, 0.315789473684, 35, 44, 0.795454545455, 8, 31, 39, 19, 6, 3, 13, 24, 41, 86, 0.476744186047, 7, 19, 0.368421052632, 21, 26, 0.807692307692, 13, 39, 52, 30, 8, 10, 15, 27, 0, 0, 
101, 110, 27, 77, 0.350649350649, 12, 38, 0.315789473684, 35, 44, 0.795454545455, 8, 31, 39, 19, 6, 3, 13, 24, 41, 86, 0.476744186047, 7, 19, 0.368421052632, 21, 26, 0.807692307692, 13, 39, 52, 30, 8, 10, 15, 27, 0, 0, 
101, 110, 27, 77, 0.350649350649, 12, 38, 0.315789473684, 35, 44, 0.795454545455, 8, 31, 39, 19, 6, 3, 13, 24, 41, 86, 0.476744186047, 7, 19, 0.368421052632, 21, 26, 0.807692307692, 13, 39, 52, 30, 8, 10, 15, 27, 0, 0, 
101, 110, 27, 77, 0.350649350649, 12, 38, 0.315789473684, 35, 44, 0.795454545455, 8, 31, 39, 19, 6, 3, 13, 24, 41, 86, 0.476744186047, 7, 19, 0.368421052632, 21, 26, 0.807692307692, 13, 39, 52, 30, 8, 10, 15, 27, 0, 0, 
101, 110, 27, 77, 0.350649350649, 12, 38, 0.315789473684, 35, 44, 0.795454545455, 8, 31, 39, 19, 6, 3, 13, 24, 41, 86, 0.476744186047, 7, 19, 0.368421052632, 21, 26, 0.807692307692, 13, 39, 52, 30, 8, 10, 15, 27, 0, 0, 
101, 110, 27, 77, 0.350649350649, 12, 38, 0.315789473684, 35, 44, 0.795454545455, 8, 31, 39, 19, 6, 3, 13, 24, 41, 86, 0.476744186047, 7, 19, 0.368421052632, 21, 26, 0.807692307692, 13, 39, 52, 30, 8, 10, 15, 27, 0, 0, 
101, 110, 27, 77, 0.350649350649, 12, 38, 0.315789473684, 35, 44, 0.795454545455, 8, 31, 39, 19, 6, 3, 13, 24, 41, 86, 0.476744186047, 7, 19, 0.368421052632, 21, 26, 0.807692307692, 13, 39, 52, 30, 8, 10, 15, 27, 0, 0, 
101, 110, 27, 77, 0.350649350649, 12, 38, 0.315789473684, 35, 44, 0.795454545455, 8, 31, 39, 19, 6, 3, 13, 24, 41, 86, 0.476744186047, 7, 19, 0.368421052632, 21, 26, 0.807692307692, 13, 39, 52, 30, 8, 10, 15, 27, 0, 0, 
101, 110, 27, 77, 0.350649350649, 12, 38, 0.315789473684, 35, 44, 0.795454545455, 8, 31, 39, 19, 6, 3, 13, 24, 41, 86, 0.476744186047, 7, 19, 0.368421052632, 21, 26, 0.807692307692, 13, 39, 52, 30, 8, 10, 15, 27, 0, 0, 
101, 110, 27, 77, 0.350649350649, 12, 38, 0.315789473684, 35, 44, 0.795454545455, 8, 31, 39, 19, 6, 3, 13, 24, 41, 86, 0.476744186047, 7, 19, 0.368421052632, 21, 26, 0.807692307692, 13, 39, 52, 30, 8, 10, 15, 27, 0, 0, 
101, 110, 27, 77, 0.350649350649, 12, 38, 0.315789473684, 35, 44, 0.795454545455, 8, 31, 39, 19, 6, 3, 13, 24, 41, 86, 0.476744186047, 7, 19, 0.368421052632, 21, 26, 0.807692307692, 13, 39, 52, 30, 8, 10, 15, 27, 0, 0, 
101, 110, 27, 77, 0.350649350649, 12, 38, 0.315789473684, 35, 44, 0.795454545455, 8, 31, 39, 19, 6, 3, 13, 24, 41, 86, 0.476744186047, 7, 19, 0.368421052632, 21, 26, 0.807692307692, 13, 39, 52, 30, 8, 10, 15, 27, 0, 0, 
101, 110, 27, 77, 0.350649350649, 12, 38, 0.315789473684, 35, 44, 0.795454545455, 8, 31, 39, 19, 6, 3, 13, 24, 41, 86, 0.476744186047, 7, 19, 0.368421052632, 21, 26, 0.807692307692, 13, 39, 52, 30, 8, 10, 15, 27, 0, 0, 
101, 110, 27, 77, 0.350649350649, 12, 38, 0.315789473684, 35, 44, 0.795454545455, 8, 31, 39, 19, 6, 3, 13, 24, 41, 86, 0.476744186047, 7, 19, 0.368421052632, 21, 26, 0.807692307692, 13, 39, 52, 30, 8, 10, 15, 27, 0, 0, 
101, 110, 27, 77, 0.350649350649, 12, 38, 0.315789473684, 35, 44, 0.795454545455, 8, 31, 39, 19, 6, 3, 13, 24, 41, 86, 0.476744186047, 7, 19, 0.368421052632, 21, 26, 0.807692307692, 13, 39, 52, 30, 8, 10, 15, 27, 0, 0, 
101, 110, 27, 77, 0.350649350649, 12, 38, 0.315789473684, 35, 44, 0.795454545455, 8, 31, 39, 19, 6, 3, 13, 24, 41, 86, 0.476744186047, 7, 19, 0.368421052632, 21, 26, 0.807692307692, 13, 39, 52, 30, 8, 10, 15, 27, 0, 0, 
101, 110, 27, 77, 0.350649350649, 12, 38, 0.315789473684, 35, 44, 0.795454545455, 8, 31, 39, 19, 6, 3, 13, 24, 41, 86, 0.476744186047, 7, 19, 0.368421052632, 21, 26, 0.807692307692, 13, 39, 52, 30, 8, 10, 15, 27, 0, 0, 
101, 110, 27, 77, 0.350649350649, 12, 38, 0.315789473684, 35, 44, 0.795454545455, 8, 31, 39, 19, 6, 3, 13, 24, 41, 86, 0.476744186047, 7, 19, 0.368421052632, 21, 26, 0.807692307692, 13, 39, 52, 30, 8, 10, 15, 27, 0, 0, 
101, 110, 27, 77, 0.350649350649, 12, 38, 0.315789473684, 35, 44, 0.795454545455, 8, 31, 39, 19, 6, 3, 13, 24, 41, 86, 0.476744186047, 7, 19, 0.368421052632, 21, 26, 0.807692307692, 13, 39, 52, 30, 8, 10, 15, 27, 0, 0, 
101, 110, 27, 77, 0.350649350649, 12, 38, 0.315789473684, 35, 44, 0.795454545455, 8, 31, 39, 19, 6, 3, 13, 24, 41, 86, 0.476744186047, 7, 19, 0.368421052632, 21, 26, 0.807692307692, 13, 39, 52, 30, 8, 10, 15, 27, 0, 0, 
101, 110, 27, 77, 0.350649350649, 12, 38, 0.315789473684, 35, 44, 0.795454545455, 8, 31, 39, 19, 6, 3, 13, 24, 41, 86, 0.476744186047, 7, 19, 0.368421052632, 21, 26, 0.807692307692, 13, 39, 52, 30, 8, 10, 15, 27, 0, 0, 
101, 110, 27, 77, 0.350649350649, 12, 38, 0.315789473684, 35, 44, 0.795454545455, 8, 31, 39, 19, 6, 3, 13, 24, 41, 86, 0.476744186047, 7, 19, 0.368421052632, 21, 26, 0.807692307692, 13, 39, 52, 30, 8, 10, 15, 27, 0, 0, 
101, 110, 27, 77, 0.350649350649, 12, 38, 0.315789473684, 35, 44, 0.795454545455, 8, 31, 39, 19, 6, 3, 13, 24, 41, 86, 0.476744186047, 7, 19, 0.368421052632, 21, 26, 0.807692307692, 13, 39, 52, 30, 8, 10, 15, 27, 0, 0, 
101, 110, 27, 77, 0.350649350649, 12, 38, 0.315789473684, 35, 44, 0.795454545455, 8, 31, 39, 19, 6, 3, 13, 24, 41, 86, 0.476744186047, 7, 19, 0.368421052632, 21, 26, 0.807692307692, 13, 39, 52, 30, 8, 10, 15, 27, 0, 0, 
101, 110, 27, 77, 0.350649350649, 12, 38, 0.315789473684, 35, 44, 0.795454545455, 8, 31, 39, 19, 6, 3, 13, 24, 41, 86, 0.476744186047, 7, 19, 0.368421052632, 21, 26, 0.807692307692, 13, 39, 52, 30, 8, 10, 15, 27, 0, 0, 
101, 110, 27, 77, 0.350649350649, 12, 38, 0.315789473684, 35, 44, 0.795454545455, 8, 31, 39, 19, 6, 3, 13, 24, 41, 86, 0.476744186047, 7, 19, 0.368421052632, 21, 26, 0.807692307692, 13, 39, 52, 30, 8, 10, 15, 27, 0, 0, 
101, 110, 27, 77, 0.350649350649, 12, 38, 0.315789473684, 35, 44, 0.795454545455, 8, 31, 39, 19, 6, 3, 13, 24, 41, 86, 0.476744186047, 7, 19, 0.368421052632, 21, 26, 0.807692307692, 13, 39, 52, 30, 8, 10, 15, 27, 0, 0, 
101, 110, 27, 77, 0.350649350649, 12, 38, 0.315789473684, 35, 44, 0.795454545455, 8, 31, 39, 19, 6, 3, 13, 24, 41, 86, 0.476744186047, 7, 19, 0.368421052632, 21, 26, 0.807692307692, 13, 39, 52, 30, 8, 10, 15, 27, 0, 0, 
101, 110, 27, 77, 0.350649350649, 12, 38, 0.315789473684, 35, 44, 0.795454545455, 8, 31, 39, 19, 6, 3, 13, 24, 41, 86, 0.476744186047, 7, 19, 0.368421052632, 21, 26, 0.807692307692, 13, 39, 52, 30, 8, 10, 15, 27, 0, 0, 
101, 110, 27, 77, 0.350649350649, 12, 38, 0.315789473684, 35, 44, 0.795454545455, 8, 31, 39, 19, 6, 3, 13, 24, 41, 86, 0.476744186047, 7, 19, 0.368421052632, 21, 26, 0.807692307692, 13, 39, 52, 30, 8, 10, 15, 27, 0, 0, 
101, 110, 27, 77, 0.350649350649, 12, 38, 0.315789473684, 35, 44, 0.795454545455, 8, 31, 39, 19, 6, 3, 13, 24, 41, 86, 0.476744186047, 7, 19, 0.368421052632, 21, 26, 0.807692307692, 13, 39, 52, 30, 8, 10, 15, 27, 0, 0, 
101, 110, 27, 77, 0.350649350649, 12, 38, 0.315789473684, 35, 44, 0.795454545455, 8, 31, 39, 19, 6, 3, 13, 24, 41, 86, 0.476744186047, 7, 19, 0.368421052632, 21, 26, 0.807692307692, 13, 39, 52, 30, 8, 10, 15, 27, 0, 0, 
101, 110, 27, 77, 0.350649350649, 12, 38, 0.315789473684, 35, 44, 0.795454545455, 8, 31, 39, 19, 6, 3, 13, 24, 41, 86, 0.476744186047, 7, 19, 0.368421052632, 21, 26, 0.807692307692, 13, 39, 52, 30, 8, 10, 15, 27, 0, 0, 
101, 110, 27, 77, 0.350649350649, 12, 38, 0.315789473684, 35, 44, 0.795454545455, 8, 31, 39, 19, 6, 3, 13, 24, 41, 86, 0.476744186047, 7, 19, 0.368421052632, 21, 26, 0.807692307692, 13, 39, 52, 30, 8, 10, 15, 27, 0, 0, 
101, 110, 27, 77, 0.350649350649, 12, 38, 0.315789473684, 35, 44, 0.795454545455, 8, 31, 39, 19, 6, 3, 13, 24, 41, 86, 0.476744186047, 7, 19, 0.368421052632, 21, 26, 0.807692307692, 13, 39, 52, 30, 8, 10, 15, 27, 0, 0, 
101, 110, 27, 77, 0.350649350649, 12, 38, 0.315789473684, 35, 44, 0.795454545455, 8, 31, 39, 19, 6, 3, 13, 24, 41, 86, 0.476744186047, 7, 19, 0.368421052632, 21, 26, 0.807692307692, 13, 39, 52, 30, 8, 10, 15, 27, 0, 0, 
101, 110, 27, 77, 0.350649350649, 12, 38, 0.315789473684, 35, 44, 0.795454545455, 8, 31, 39, 19, 6, 3, 13, 24, 41, 86, 0.476744186047, 7, 19, 0.368421052632, 21, 26, 0.807692307692, 13, 39, 52, 30, 8, 10, 15, 27, 0, 0, 
101, 110, 27, 77, 0.350649350649, 12, 38, 0.315789473684, 35, 44, 0.795454545455, 8, 31, 39, 19, 6, 3, 13, 24, 41, 86, 0.476744186047, 7, 19, 0.368421052632, 21, 26, 0.807692307692, 13, 39, 52, 30, 8, 10, 15, 27, 0, 0, 
101, 110, 27, 77, 0.350649350649, 12, 38, 0.315789473684, 35, 44, 0.795454545455, 8, 31, 39, 19, 6, 3, 13, 24, 41, 86, 0.476744186047, 7, 19, 0.368421052632, 21, 26, 0.807692307692, 13, 39, 52, 30, 8, 10, 15, 27, 0, 0, 
101, 110, 27, 77, 0.350649350649, 12, 38, 0.315789473684, 35, 44, 0.795454545455, 8, 31, 39, 19, 6, 3, 13, 24, 41, 86, 0.476744186047, 7, 19, 0.368421052632, 21, 26, 0.807692307692, 13, 39, 52, 30, 8, 10, 15, 27, 0, 0, 
101, 110, 27, 77, 0.350649350649, 12, 38, 0.315789473684, 35, 44, 0.795454545455, 8, 31, 39, 19, 6, 3, 13, 24, 41, 86, 0.476744186047, 7, 19, 0.368421052632, 21, 26, 0.807692307692, 13, 39, 52, 30, 8, 10, 15, 27, 0, 0, 
101, 110, 27, 77, 0.350649350649, 12, 38, 0.315789473684, 35, 44, 0.795454545455, 8, 31, 39, 19, 6, 3, 13, 24, 41, 86, 0.476744186047, 7, 19, 0.368421052632, 21, 26, 0.807692307692, 13, 39, 52, 30, 8, 10, 15, 27, 0, 0, 
101, 110, 27, 77, 0.350649350649, 12, 38, 0.315789473684, 35, 44, 0.795454545455, 8, 31, 39, 19, 6, 3, 13, 24, 41, 86, 0.476744186047, 7, 19, 0.368421052632, 21, 26, 0.807692307692, 13, 39, 52, 30, 8, 10, 15, 27, 0, 0, 
101, 110, 27, 77, 0.350649350649, 12, 38, 0.315789473684, 35, 44, 0.795454545455, 8, 31, 39, 19, 6, 3, 13, 24, 41, 86, 0.476744186047, 7, 19, 0.368421052632, 21, 26, 0.807692307692, 13, 39, 52, 30, 8, 10, 15, 27, 0, 0, 
101, 110, 27, 77, 0.350649350649, 12, 38, 0.315789473684, 35, 44, 0.795454545455, 8, 31, 39, 19, 6, 3, 13, 24, 41, 86, 0.476744186047, 7, 19, 0.368421052632, 21, 26, 0.807692307692, 13, 39, 52, 30, 8, 10, 15, 27, 0, 0, 
101, 110, 27, 77, 0.350649350649, 12, 38, 0.315789473684, 35, 44, 0.795454545455, 8, 31, 39, 19, 6, 3, 13, 24, 41, 86, 0.476744186047, 7, 19, 0.368421052632, 21, 26, 0.807692307692, 13, 39, 52, 30, 8, 10, 15, 27, 0, 0, 
101, 110, 27, 77, 0.350649350649, 12, 38, 0.315789473684, 35, 44, 0.795454545455, 8, 31, 39, 19, 6, 3, 13, 24, 41, 86, 0.476744186047, 7, 19, 0.368421052632, 21, 26, 0.807692307692, 13, 39, 52, 30, 8, 10, 15, 27, 0, 0, 
101, 110, 27, 77, 0.350649350649, 12, 38, 0.315789473684, 35, 44, 0.795454545455, 8, 31, 39, 19, 6, 3, 13, 24, 41, 86, 0.476744186047, 7, 19, 0.368421052632, 21, 26, 0.807692307692, 13, 39, 52, 30, 8, 10, 15, 27, 0, 0, 
101, 110, 27, 77, 0.350649350649, 12, 38, 0.315789473684, 35, 44, 0.795454545455, 8, 31, 39, 19, 6, 3, 13, 24, 41, 86, 0.476744186047, 7, 19, 0.368421052632, 21, 26, 0.807692307692, 13, 39, 52, 30, 8, 10, 15, 27, 0, 0, 
101, 110, 27, 77, 0.350649350649, 12, 38, 0.315789473684, 35, 44, 0.795454545455, 8, 31, 39, 19, 6, 3, 13, 24, 41, 86, 0.476744186047, 7, 19, 0.368421052632, 21, 26, 0.807692307692, 13, 39, 52, 30, 8, 10, 15, 27, 0, 0, 
101, 110, 27, 77, 0.350649350649, 12, 38, 0.315789473684, 35, 44, 0.795454545455, 8, 31, 39, 19, 6, 3, 13, 24, 41, 86, 0.476744186047, 7, 19, 0.368421052632, 21, 26, 0.807692307692, 13, 39, 52, 30, 8, 10, 15, 27, 0, 0, 
101, 110, 27, 77, 0.350649350649, 12, 38, 0.315789473684, 35, 44, 0.795454545455, 8, 31, 39, 19, 6, 3, 13, 24, 41, 86, 0.476744186047, 7, 19, 0.368421052632, 21, 26, 0.807692307692, 13, 39, 52, 30, 8, 10, 15, 27, 0, 0, 
101, 110, 27, 77, 0.350649350649, 12, 38, 0.315789473684, 35, 44, 0.795454545455, 8, 31, 39, 19, 6, 3, 13, 24, 41, 86, 0.476744186047, 7, 19, 0.368421052632, 21, 26, 0.807692307692, 13, 39, 52, 30, 8, 10, 15, 27, 0, 0, 
101, 110, 27, 77, 0.350649350649, 12, 38, 0.315789473684, 35, 44, 0.795454545455, 8, 31, 39, 19, 6, 3, 13, 24, 41, 86, 0.476744186047, 7, 19, 0.368421052632, 21, 26, 0.807692307692, 13, 39, 52, 30, 8, 10, 15, 27, 0, 0, 
101, 110, 27, 77, 0.350649350649, 12, 38, 0.315789473684, 35, 44, 0.795454545455, 8, 31, 39, 19, 6, 3, 13, 24, 41, 86, 0.476744186047, 7, 19, 0.368421052632, 21, 26, 0.807692307692, 13, 39, 52, 30, 8, 10, 15, 27, 0, 0, 
101, 110, 27, 77, 0.350649350649, 12, 38, 0.315789473684, 35, 44, 0.795454545455, 8, 31, 39, 19, 6, 3, 13, 24, 41, 86, 0.476744186047, 7, 19, 0.368421052632, 21, 26, 0.807692307692, 13, 39, 52, 30, 8, 10, 15, 27, 0, 0, 
101, 110, 27, 77, 0.350649350649, 12, 38, 0.315789473684, 35, 44, 0.795454545455, 8, 31, 39, 19, 6, 3, 13, 24, 41, 86, 0.476744186047, 7, 19, 0.368421052632, 21, 26, 0.807692307692, 13, 39, 52, 30, 8, 10, 15, 27, 0, 0, 
101, 110, 27, 77, 0.350649350649, 12, 38, 0.315789473684, 35, 44, 0.795454545455, 8, 31, 39, 19, 6, 3, 13, 24, 41, 86, 0.476744186047, 7, 19, 0.368421052632, 21, 26, 0.807692307692, 13, 39, 52, 30, 8, 10, 15, 27, 0, 0, 
101, 110, 27, 77, 0.350649350649, 12, 38, 0.315789473684, 35, 44, 0.795454545455, 8, 31, 39, 19, 6, 3, 13, 24, 41, 86, 0.476744186047, 7, 19, 0.368421052632, 21, 26, 0.807692307692, 13, 39, 52, 30, 8, 10, 15, 27, 0, 0, 
101, 110, 27, 77, 0.350649350649, 12, 38, 0.315789473684, 35, 44, 0.795454545455, 8, 31, 39, 19, 6, 3, 13, 24, 41, 86, 0.476744186047, 7, 19, 0.368421052632, 21, 26, 0.807692307692, 13, 39, 52, 30, 8, 10, 15, 27, 0, 0, 
101, 110, 27, 77, 0.350649350649, 12, 38, 0.315789473684, 35, 44, 0.795454545455, 8, 31, 39, 19, 6, 3, 13, 24, 41, 86, 0.476744186047, 7, 19, 0.368421052632, 21, 26, 0.807692307692, 13, 39, 52, 30, 8, 10, 15, 27, 0, 0, 
101, 110, 27, 77, 0.350649350649, 12, 38, 0.315789473684, 35, 44, 0.795454545455, 8, 31, 39, 19, 6, 3, 13, 24, 41, 86, 0.476744186047, 7, 19, 0.368421052632, 21, 26, 0.807692307692, 13, 39, 52, 30, 8, 10, 15, 27, 0, 0, 
101, 110, 27, 77, 0.350649350649, 12, 38, 0.315789473684, 35, 44, 0.795454545455, 8, 31, 39, 19, 6, 3, 13, 24, 41, 86, 0.476744186047, 7, 19, 0.368421052632, 21, 26, 0.807692307692, 13, 39, 52, 30, 8, 10, 15, 27, 0, 0, 
101, 110, 27, 77, 0.350649350649, 12, 38, 0.315789473684, 35, 44, 0.795454545455, 8, 31, 39, 19, 6, 3, 13, 24, 41, 86, 0.476744186047, 7, 19, 0.368421052632, 21, 26, 0.807692307692, 13, 39, 52, 30, 8, 10, 15, 27, 0, 0, 
101, 110, 27, 77, 0.350649350649, 12, 38, 0.315789473684, 35, 44, 0.795454545455, 8, 31, 39, 19, 6, 3, 13, 24, 41, 86, 0.476744186047, 7, 19, 0.368421052632, 21, 26, 0.807692307692, 13, 39, 52, 30, 8, 10, 15, 27, 0, 0, 
101, 110, 27, 77, 0.350649350649, 12, 38, 0.315789473684, 35, 44, 0.795454545455, 8, 31, 39, 19, 6, 3, 13, 24, 41, 86, 0.476744186047, 7, 19, 0.368421052632, 21, 26, 0.807692307692, 13, 39, 52, 30, 8, 10, 15, 27, 0, 0, 
101, 110, 27, 77, 0.350649350649, 12, 38, 0.315789473684, 35, 44, 0.795454545455, 8, 31, 39, 19, 6, 3, 13, 24, 41, 86, 0.476744186047, 7, 19, 0.368421052632, 21, 26, 0.807692307692, 13, 39, 52, 30, 8, 10, 15, 27, 0, 0, 
101, 110, 27, 77, 0.350649350649, 12, 38, 0.315789473684, 35, 44, 0.795454545455, 8, 31, 39, 19, 6, 3, 13, 24, 41, 86, 0.476744186047, 7, 19, 0.368421052632, 21, 26, 0.807692307692, 13, 39, 52, 30, 8, 10, 15, 27, 0, 0, 
101, 110, 27, 77, 0.350649350649, 12, 38, 0.315789473684, 35, 44, 0.795454545455, 8, 31, 39, 19, 6, 3, 13, 24, 41, 86, 0.476744186047, 7, 19, 0.368421052632, 21, 26, 0.807692307692, 13, 39, 52, 30, 8, 10, 15, 27, 0, 0, 
101, 110, 27, 77, 0.350649350649, 12, 38, 0.315789473684, 35, 44, 0.795454545455, 8, 31, 39, 19, 6, 3, 13, 24, 41, 86, 0.476744186047, 7, 19, 0.368421052632, 21, 26, 0.807692307692, 13, 39, 52, 30, 8, 10, 15, 27, 0, 0, 
101, 110, 27, 77, 0.350649350649, 12, 38, 0.315789473684, 35, 44, 0.795454545455, 8, 31, 39, 19, 6, 3, 13, 24, 41, 86, 0.476744186047, 7, 19, 0.368421052632, 21, 26, 0.807692307692, 13, 39, 52, 30, 8, 10, 15, 27, 0, 0, 
101, 110, 27, 77, 0.350649350649, 12, 38, 0.315789473684, 35, 44, 0.795454545455, 8, 31, 39, 19, 6, 3, 13, 24, 41, 86, 0.476744186047, 7, 19, 0.368421052632, 21, 26, 0.807692307692, 13, 39, 52, 30, 8, 10, 15, 27, 0, 0, 
101, 110, 27, 77, 0.350649350649, 12, 38, 0.315789473684, 35, 44, 0.795454545455, 8, 31, 39, 19, 6, 3, 13, 24, 41, 86, 0.476744186047, 7, 19, 0.368421052632, 21, 26, 0.807692307692, 13, 39, 52, 30, 8, 10, 15, 27, 0, 0, 
101, 110, 27, 77, 0.350649350649, 12, 38, 0.315789473684, 35, 44, 0.795454545455, 8, 31, 39, 19, 6, 3, 13, 24, 41, 86, 0.476744186047, 7, 19, 0.368421052632, 21, 26, 0.807692307692, 13, 39, 52, 30, 8, 10, 15, 27, 0, 0, 
101, 110, 27, 77, 0.350649350649, 12, 38, 0.315789473684, 35, 44, 0.795454545455, 8, 31, 39, 19, 6, 3, 13, 24, 41, 86, 0.476744186047, 7, 19, 0.368421052632, 21, 26, 0.807692307692, 13, 39, 52, 30, 8, 10, 15, 27, 0, 0, 
101, 110, 27, 77, 0.350649350649, 12, 38, 0.315789473684, 35, 44, 0.795454545455, 8, 31, 39, 19, 6, 3, 13, 24, 41, 86, 0.476744186047, 7, 19, 0.368421052632, 21, 26, 0.807692307692, 13, 39, 52, 30, 8, 10, 15, 27, 0, 0, 
101, 110, 27, 77, 0.350649350649, 12, 38, 0.315789473684, 35, 44, 0.795454545455, 8, 31, 39, 19, 6, 3, 13, 24, 41, 86, 0.476744186047, 7, 19, 0.368421052632, 21, 26, 0.807692307692, 13, 39, 52, 30, 8, 10, 15, 27, 0, 0, 
101, 110, 27, 77, 0.350649350649, 12, 38, 0.315789473684, 35, 44, 0.795454545455, 8, 31, 39, 19, 6, 3, 13, 24, 41, 86, 0.476744186047, 7, 19, 0.368421052632, 21, 26, 0.807692307692, 13, 39, 52, 30, 8, 10, 15, 27, 0, 0, 
101, 110, 27, 77, 0.350649350649, 12, 38, 0.315789473684, 35, 44, 0.795454545455, 8, 31, 39, 19, 6, 3, 13, 24, 41, 86, 0.476744186047, 7, 19, 0.368421052632, 21, 26, 0.807692307692, 13, 39, 52, 30, 8, 10, 15, 27, 0, 0, 
101, 110, 27, 77, 0.350649350649, 12, 38, 0.315789473684, 35, 44, 0.795454545455, 8, 31, 39, 19, 6, 3, 13, 24, 41, 86, 0.476744186047, 7, 19, 0.368421052632, 21, 26, 0.807692307692, 13, 39, 52, 30, 8, 10, 15, 27, 0, 0, 
101, 110, 27, 77, 0.350649350649, 12, 38, 0.315789473684, 35, 44, 0.795454545455, 8, 31, 39, 19, 6, 3, 13, 24, 41, 86, 0.476744186047, 7, 19, 0.368421052632, 21, 26, 0.807692307692, 13, 39, 52, 30, 8, 10, 15, 27, 0, 0, 
101, 110, 27, 77, 0.350649350649, 12, 38, 0.315789473684, 35, 44, 0.795454545455, 8, 31, 39, 19, 6, 3, 13, 24, 41, 86, 0.476744186047, 7, 19, 0.368421052632, 21, 26, 0.807692307692, 13, 39, 52, 30, 8, 10, 15, 27, 0, 0, 
101, 110, 27, 77, 0.350649350649, 12, 38, 0.315789473684, 35, 44, 0.795454545455, 8, 31, 39, 19, 6, 3, 13, 24, 41, 86, 0.476744186047, 7, 19, 0.368421052632, 21, 26, 0.807692307692, 13, 39, 52, 30, 8, 10, 15, 27, 0, 0, 
101, 110, 27, 77, 0.350649350649, 12, 38, 0.315789473684, 35, 44, 0.795454545455, 8, 31, 39, 19, 6, 3, 13, 24, 41, 86, 0.476744186047, 7, 19, 0.368421052632, 21, 26, 0.807692307692, 13, 39, 52, 30, 8, 10, 15, 27, 0, 0, 
101, 110, 27, 77, 0.350649350649, 12, 38, 0.315789473684, 35, 44, 0.795454545455, 8, 31, 39, 19, 6, 3, 13, 24, 41, 86, 0.476744186047, 7, 19, 0.368421052632, 21, 26, 0.807692307692, 13, 39, 52, 30, 8, 10, 15, 27, 0, 0, 
101, 110, 27, 77, 0.350649350649, 12, 38, 0.315789473684, 35, 44, 0.795454545455, 8, 31, 39, 19, 6, 3, 13, 24, 41, 86, 0.476744186047, 7, 19, 0.368421052632, 21, 26, 0.807692307692, 13, 39, 52, 30, 8, 10, 15, 27, 0, 0, 
101, 110, 27, 77, 0.350649350649, 12, 38, 0.315789473684, 35, 44, 0.795454545455, 8, 31, 39, 19, 6, 3, 13, 24, 41, 86, 0.476744186047, 7, 19, 0.368421052632, 21, 26, 0.807692307692, 13, 39, 52, 30, 8, 10, 15, 27, 0, 0, 
101, 110, 27, 77, 0.350649350649, 12, 38, 0.315789473684, 35, 44, 0.795454545455, 8, 31, 39, 19, 6, 3, 13, 24, 41, 86, 0.476744186047, 7, 19, 0.368421052632, 21, 26, 0.807692307692, 13, 39, 52, 30, 8, 10, 15, 27, 0, 0, 
101, 110, 27, 77, 0.350649350649, 12, 38, 0.315789473684, 35, 44, 0.795454545455, 8, 31, 39, 19, 6, 3, 13, 24, 41, 86, 0.476744186047, 7, 19, 0.368421052632, 21, 26, 0.807692307692, 13, 39, 52, 30, 8, 10, 15, 27, 0, 0, 
101, 110, 27, 77, 0.350649350649, 12, 38, 0.315789473684, 35, 44, 0.795454545455, 8, 31, 39, 19, 6, 3, 13, 24, 41, 86, 0.476744186047, 7, 19, 0.368421052632, 21, 26, 0.807692307692, 13, 39, 52, 30, 8, 10, 15, 27, 0, 0, 
101, 110, 27, 77, 0.350649350649, 12, 38, 0.315789473684, 35, 44, 0.795454545455, 8, 31, 39, 19, 6, 3, 13, 24, 41, 86, 0.476744186047, 7, 19, 0.368421052632, 21, 26, 0.807692307692, 13, 39, 52, 30, 8, 10, 15, 27, 0, 0, 
101, 110, 27, 77, 0.350649350649, 12, 38, 0.315789473684, 35, 44, 0.795454545455, 8, 31, 39, 19, 6, 3, 13, 24, 41, 86, 0.476744186047, 7, 19, 0.368421052632, 21, 26, 0.807692307692, 13, 39, 52, 30, 8, 10, 15, 27, 0, 0, 
101, 110, 27, 77, 0.350649350649, 12, 38, 0.315789473684, 35, 44, 0.795454545455, 8, 31, 39, 19, 6, 3, 13, 24, 41, 86, 0.476744186047, 7, 19, 0.368421052632, 21, 26, 0.807692307692, 13, 39, 52, 30, 8, 10, 15, 27, 0, 0, 
101, 110, 27, 77, 0.350649350649, 12, 38, 0.315789473684, 35, 44, 0.795454545455, 8, 31, 39, 19, 6, 3, 13, 24, 41, 86, 0.476744186047, 7, 19, 0.368421052632, 21, 26, 0.807692307692, 13, 39, 52, 30, 8, 10, 15, 27, 0, 0, 
101, 110, 27, 77, 0.350649350649, 12, 38, 0.315789473684, 35, 44, 0.795454545455, 8, 31, 39, 19, 6, 3, 13, 24, 41, 86, 0.476744186047, 7, 19, 0.368421052632, 21, 26, 0.807692307692, 13, 39, 52, 30, 8, 10, 15, 27, 0, 0, 
