19, 18, 8, 19, 0.421052631579, 2, 7, 0.285714285714, 1, 1, 1.0, 1, 5, 6, 5, 2, 0, 0, 4, 7, 15, 0.466666666667, 1, 5, 0.2, 3, 4, 0.75, 1, 7, 8, 4, 0, 2, 2, 3, 
19, 20, 8, 20, 0.4, 2, 7, 0.285714285714, 1, 1, 1.0, 1, 5, 6, 5, 2, 0, 0, 4, 8, 16, 0.5, 1, 5, 0.2, 3, 4, 0.75, 1, 7, 8, 5, 0, 2, 2, 4, 
23, 20, 10, 22, 0.454545454545, 2, 7, 0.285714285714, 1, 1, 1.0, 1, 7, 8, 5, 2, 1, 0, 4, 8, 18, 0.444444444444, 1, 6, 0.166666666667, 3, 4, 0.75, 1, 7, 8, 5, 0, 2, 2, 4, 
29, 22, 12, 25, 0.48, 4, 10, 0.4, 1, 1, 1.0, 2, 7, 9, 5, 2, 1, 0, 4, 9, 20, 0.45, 1, 6, 0.166666666667, 3, 4, 0.75, 2, 7, 9, 5, 0, 2, 2, 4, 
29, 22, 12, 25, 0.48, 4, 10, 0.4, 1, 1, 1.0, 2, 7, 9, 5, 2, 1, 0, 4, 9, 20, 0.45, 1, 6, 0.166666666667, 3, 4, 0.75, 2, 7, 9, 5, 0, 2, 2, 4, 
29, 22, 12, 25, 0.48, 4, 10, 0.4, 1, 1, 1.0, 2, 7, 9, 5, 2, 1, 0, 4, 9, 20, 0.45, 1, 6, 0.166666666667, 3, 4, 0.75, 2, 7, 9, 5, 0, 2, 2, 4, 
29, 22, 12, 25, 0.48, 4, 10, 0.4, 1, 1, 1.0, 2, 7, 9, 5, 2, 1, 0, 4, 9, 20, 0.45, 1, 6, 0.166666666667, 3, 4, 0.75, 2, 7, 9, 5, 0, 2, 2, 4, 
31, 26, 13, 28, 0.464285714286, 4, 11, 0.363636363636, 1, 1, 1.0, 3, 7, 10, 5, 2, 1, 0, 4, 11, 23, 0.478260869565, 1, 6, 0.166666666667, 3, 4, 0.75, 2, 8, 10, 5, 0, 2, 2, 4, 
31, 26, 13, 30, 0.433333333333, 4, 12, 0.333333333333, 1, 1, 1.0, 3, 8, 11, 5, 2, 1, 0, 4, 11, 23, 0.478260869565, 1, 6, 0.166666666667, 3, 4, 0.75, 2, 9, 11, 5, 0, 2, 2, 5, 
31, 26, 13, 30, 0.433333333333, 4, 12, 0.333333333333, 1, 1, 1.0, 3, 8, 11, 5, 3, 1, 1, 4, 11, 23, 0.478260869565, 1, 6, 0.166666666667, 3, 4, 0.75, 2, 9, 11, 5, 1, 2, 3, 6, 
33, 32, 14, 31, 0.451612903226, 4, 12, 0.333333333333, 1, 1, 1.0, 3, 8, 11, 5, 3, 1, 1, 4, 13, 25, 0.52, 3, 8, 0.375, 3, 4, 0.75, 2, 9, 11, 7, 1, 2, 3, 6, 
33, 32, 14, 31, 0.451612903226, 4, 12, 0.333333333333, 1, 1, 1.0, 3, 8, 11, 5, 3, 1, 1, 4, 13, 25, 0.52, 3, 8, 0.375, 3, 4, 0.75, 2, 9, 11, 7, 1, 2, 3, 6, 
33, 32, 14, 31, 0.451612903226, 4, 12, 0.333333333333, 1, 1, 1.0, 3, 8, 11, 5, 3, 1, 1, 4, 13, 25, 0.52, 3, 8, 0.375, 3, 4, 0.75, 2, 9, 11, 7, 1, 2, 3, 6, 
33, 32, 14, 32, 0.4375, 4, 13, 0.307692307692, 1, 1, 1.0, 3, 8, 11, 5, 3, 1, 2, 4, 13, 25, 0.52, 3, 8, 0.375, 3, 4, 0.75, 2, 9, 11, 7, 2, 2, 3, 6, 
33, 32, 14, 32, 0.4375, 4, 13, 0.307692307692, 1, 1, 1.0, 3, 8, 11, 5, 3, 1, 1, 6, 13, 25, 0.52, 3, 8, 0.375, 3, 4, 0.75, 2, 9, 11, 7, 1, 2, 3, 6, 
33, 34, 14, 33, 0.424242424242, 4, 13, 0.307692307692, 1, 1, 1.0, 3, 8, 11, 5, 3, 1, 1, 7, 14, 26, 0.538461538462, 3, 8, 0.375, 3, 4, 0.75, 2, 9, 11, 7, 1, 2, 3, 6, 
33, 37, 14, 33, 0.424242424242, 4, 13, 0.307692307692, 1, 1, 1.0, 3, 8, 11, 5, 3, 1, 1, 7, 15, 27, 0.555555555556, 4, 9, 0.444444444444, 3, 4, 0.75, 2, 9, 11, 8, 1, 2, 3, 7, 
33, 39, 14, 37, 0.378378378378, 4, 13, 0.307692307692, 1, 1, 1.0, 5, 8, 13, 5, 3, 1, 1, 8, 16, 28, 0.571428571429, 4, 9, 0.444444444444, 3, 4, 0.75, 2, 11, 13, 9, 1, 3, 3, 7, 
33, 40, 14, 38, 0.368421052632, 4, 13, 0.307692307692, 1, 1, 1.0, 5, 8, 13, 5, 3, 1, 1, 8, 16, 28, 0.571428571429, 4, 9, 0.444444444444, 4, 6, 0.666666666667, 2, 11, 13, 9, 1, 3, 3, 7, 
35, 42, 15, 39, 0.384615384615, 4, 13, 0.307692307692, 1, 1, 1.0, 5, 9, 14, 5, 3, 1, 1, 8, 17, 30, 0.566666666667, 4, 10, 0.4, 4, 6, 0.666666666667, 2, 12, 14, 10, 1, 3, 3, 8, 
35, 42, 15, 39, 0.384615384615, 4, 13, 0.307692307692, 1, 1, 1.0, 5, 9, 14, 5, 3, 1, 1, 8, 17, 30, 0.566666666667, 4, 10, 0.4, 4, 6, 0.666666666667, 2, 12, 14, 10, 1, 3, 3, 8, 
35, 42, 15, 39, 0.384615384615, 4, 13, 0.307692307692, 1, 1, 1.0, 5, 9, 14, 5, 3, 1, 1, 8, 17, 30, 0.566666666667, 4, 10, 0.4, 4, 6, 0.666666666667, 2, 12, 14, 10, 1, 3, 3, 8, 
36, 42, 15, 39, 0.384615384615, 4, 13, 0.307692307692, 2, 3, 0.666666666667, 5, 9, 14, 5, 3, 1, 1, 8, 17, 30, 0.566666666667, 4, 10, 0.4, 4, 6, 0.666666666667, 2, 12, 14, 10, 1, 3, 3, 8, 
36, 46, 15, 39, 0.384615384615, 4, 13, 0.307692307692, 2, 3, 0.666666666667, 5, 9, 14, 5, 3, 1, 2, 8, 19, 32, 0.59375, 4, 10, 0.4, 4, 6, 0.666666666667, 2, 13, 15, 12, 2, 3, 3, 8, 
38, 49, 16, 41, 0.390243902439, 4, 14, 0.285714285714, 2, 3, 0.666666666667, 5, 9, 14, 5, 3, 1, 2, 8, 20, 33, 0.606060606061, 5, 11, 0.454545454545, 4, 6, 0.666666666667, 2, 14, 16, 13, 2, 3, 3, 8, 
38, 52, 16, 41, 0.390243902439, 4, 14, 0.285714285714, 2, 3, 0.666666666667, 5, 9, 14, 5, 3, 1, 2, 9, 21, 34, 0.617647058824, 5, 11, 0.454545454545, 5, 7, 0.714285714286, 2, 14, 16, 14, 2, 3, 3, 8, 
38, 52, 16, 41, 0.390243902439, 4, 14, 0.285714285714, 2, 3, 0.666666666667, 5, 9, 14, 5, 3, 1, 2, 9, 21, 34, 0.617647058824, 5, 11, 0.454545454545, 5, 8, 0.625, 3, 14, 17, 14, 2, 3, 4, 9, 
38, 52, 16, 41, 0.390243902439, 4, 14, 0.285714285714, 2, 3, 0.666666666667, 5, 9, 14, 5, 3, 1, 2, 9, 21, 34, 0.617647058824, 5, 11, 0.454545454545, 5, 8, 0.625, 3, 14, 17, 14, 2, 3, 4, 9, 
38, 52, 16, 41, 0.390243902439, 4, 14, 0.285714285714, 2, 3, 0.666666666667, 5, 9, 14, 5, 3, 1, 2, 9, 21, 34, 0.617647058824, 5, 11, 0.454545454545, 5, 8, 0.625, 3, 14, 17, 14, 2, 3, 4, 9, 
40, 52, 16, 41, 0.390243902439, 4, 14, 0.285714285714, 4, 5, 0.8, 5, 9, 14, 5, 3, 2, 2, 9, 21, 35, 0.6, 5, 11, 0.454545454545, 5, 8, 0.625, 3, 14, 17, 14, 2, 3, 4, 9, 
40, 52, 16, 43, 0.372093023256, 4, 16, 0.25, 4, 5, 0.8, 5, 11, 16, 5, 3, 2, 2, 9, 21, 37, 0.567567567568, 5, 12, 0.416666666667, 5, 8, 0.625, 3, 16, 19, 14, 2, 3, 4, 9, 
40, 53, 16, 43, 0.372093023256, 4, 16, 0.25, 4, 5, 0.8, 5, 11, 16, 5, 3, 2, 2, 10, 21, 37, 0.567567567568, 5, 12, 0.416666666667, 6, 10, 0.6, 3, 16, 19, 14, 2, 3, 4, 9, 
42, 53, 17, 46, 0.369565217391, 4, 18, 0.222222222222, 4, 5, 0.8, 5, 12, 17, 6, 4, 2, 2, 11, 21, 38, 0.552631578947, 5, 12, 0.416666666667, 6, 10, 0.6, 3, 18, 21, 14, 2, 3, 5, 9, 
42, 54, 17, 46, 0.369565217391, 4, 18, 0.222222222222, 4, 5, 0.8, 5, 12, 17, 6, 4, 2, 2, 11, 21, 39, 0.538461538462, 5, 12, 0.416666666667, 7, 12, 0.583333333333, 4, 18, 22, 14, 2, 3, 5, 9, 
42, 54, 17, 48, 0.354166666667, 4, 19, 0.210526315789, 4, 5, 0.8, 5, 14, 19, 6, 4, 2, 2, 11, 21, 40, 0.525, 5, 13, 0.384615384615, 7, 12, 0.583333333333, 4, 19, 23, 14, 2, 3, 5, 9, 
42, 54, 17, 48, 0.354166666667, 4, 19, 0.210526315789, 4, 5, 0.8, 5, 14, 19, 6, 4, 2, 2, 11, 21, 40, 0.525, 5, 13, 0.384615384615, 7, 12, 0.583333333333, 4, 19, 23, 14, 2, 3, 5, 9, 
42, 54, 17, 48, 0.354166666667, 4, 19, 0.210526315789, 4, 5, 0.8, 5, 14, 19, 6, 4, 2, 2, 11, 21, 40, 0.525, 5, 13, 0.384615384615, 7, 12, 0.583333333333, 4, 19, 23, 14, 2, 3, 5, 9, 
42, 54, 17, 48, 0.354166666667, 4, 19, 0.210526315789, 4, 5, 0.8, 5, 14, 19, 6, 4, 2, 2, 11, 21, 40, 0.525, 5, 13, 0.384615384615, 7, 12, 0.583333333333, 4, 19, 23, 14, 2, 3, 5, 9, 
42, 54, 17, 48, 0.354166666667, 4, 19, 0.210526315789, 4, 5, 0.8, 5, 14, 19, 6, 4, 2, 2, 11, 21, 40, 0.525, 5, 13, 0.384615384615, 7, 12, 0.583333333333, 4, 19, 23, 14, 2, 3, 5, 9, 
42, 54, 17, 48, 0.354166666667, 4, 19, 0.210526315789, 4, 5, 0.8, 5, 14, 19, 6, 4, 2, 2, 11, 21, 40, 0.525, 5, 13, 0.384615384615, 7, 12, 0.583333333333, 4, 19, 23, 14, 2, 3, 5, 9, 
42, 54, 17, 48, 0.354166666667, 4, 19, 0.210526315789, 4, 5, 0.8, 5, 14, 19, 6, 4, 2, 2, 11, 21, 40, 0.525, 5, 13, 0.384615384615, 7, 12, 0.583333333333, 4, 19, 23, 14, 2, 3, 5, 9, 
42, 54, 17, 48, 0.354166666667, 4, 19, 0.210526315789, 4, 5, 0.8, 5, 14, 19, 6, 4, 2, 2, 11, 21, 40, 0.525, 5, 13, 0.384615384615, 7, 12, 0.583333333333, 4, 19, 23, 14, 2, 3, 5, 9, 
42, 54, 17, 48, 0.354166666667, 4, 19, 0.210526315789, 4, 5, 0.8, 5, 14, 19, 6, 4, 2, 2, 11, 21, 40, 0.525, 5, 13, 0.384615384615, 7, 12, 0.583333333333, 4, 19, 23, 14, 2, 3, 5, 9, 
42, 54, 17, 48, 0.354166666667, 4, 19, 0.210526315789, 4, 5, 0.8, 5, 14, 19, 6, 4, 2, 2, 11, 21, 40, 0.525, 5, 13, 0.384615384615, 7, 12, 0.583333333333, 4, 19, 23, 14, 2, 3, 5, 9, 
42, 54, 17, 48, 0.354166666667, 4, 19, 0.210526315789, 4, 5, 0.8, 5, 14, 19, 6, 4, 2, 2, 11, 21, 40, 0.525, 5, 13, 0.384615384615, 7, 12, 0.583333333333, 4, 19, 23, 14, 2, 3, 5, 9, 
42, 54, 17, 48, 0.354166666667, 4, 19, 0.210526315789, 4, 5, 0.8, 5, 14, 19, 6, 4, 2, 2, 11, 21, 40, 0.525, 5, 13, 0.384615384615, 7, 12, 0.583333333333, 4, 19, 23, 14, 2, 3, 5, 9, 
42, 54, 17, 48, 0.354166666667, 4, 19, 0.210526315789, 4, 5, 0.8, 5, 14, 19, 6, 4, 2, 2, 11, 21, 40, 0.525, 5, 13, 0.384615384615, 7, 12, 0.583333333333, 4, 19, 23, 14, 2, 3, 5, 9, 
42, 54, 17, 48, 0.354166666667, 4, 19, 0.210526315789, 4, 5, 0.8, 5, 14, 19, 6, 4, 2, 2, 11, 21, 40, 0.525, 5, 13, 0.384615384615, 7, 12, 0.583333333333, 4, 19, 23, 14, 2, 3, 5, 9, 
42, 54, 17, 48, 0.354166666667, 4, 19, 0.210526315789, 4, 5, 0.8, 5, 14, 19, 6, 4, 2, 2, 11, 21, 40, 0.525, 5, 13, 0.384615384615, 7, 12, 0.583333333333, 4, 19, 23, 14, 2, 3, 5, 9, 
42, 54, 17, 48, 0.354166666667, 4, 19, 0.210526315789, 4, 5, 0.8, 5, 14, 19, 6, 4, 2, 2, 11, 21, 40, 0.525, 5, 13, 0.384615384615, 7, 12, 0.583333333333, 4, 19, 23, 14, 2, 3, 5, 9, 
42, 56, 17, 49, 0.34693877551, 4, 20, 0.2, 4, 5, 0.8, 5, 14, 19, 6, 4, 2, 2, 11, 22, 41, 0.536585365854, 5, 13, 0.384615384615, 7, 12, 0.583333333333, 4, 19, 23, 15, 2, 3, 5, 9, 
44, 59, 18, 50, 0.36, 4, 20, 0.2, 4, 5, 0.8, 5, 15, 20, 7, 4, 2, 2, 11, 23, 44, 0.522727272727, 6, 14, 0.428571428571, 7, 12, 0.583333333333, 5, 20, 25, 16, 2, 3, 5, 9, 
46, 59, 18, 50, 0.36, 4, 20, 0.2, 6, 7, 0.857142857143, 5, 15, 20, 7, 4, 2, 2, 11, 23, 44, 0.522727272727, 6, 14, 0.428571428571, 7, 12, 0.583333333333, 5, 20, 25, 16, 2, 3, 5, 10, 
46, 63, 18, 53, 0.339622641509, 4, 20, 0.2, 6, 7, 0.857142857143, 6, 16, 22, 7, 4, 2, 3, 11, 25, 47, 0.531914893617, 6, 14, 0.428571428571, 7, 12, 0.583333333333, 5, 22, 27, 17, 3, 3, 5, 10, 
46, 65, 18, 53, 0.339622641509, 4, 20, 0.2, 6, 7, 0.857142857143, 6, 16, 22, 7, 4, 2, 3, 12, 25, 47, 0.531914893617, 6, 14, 0.428571428571, 9, 14, 0.642857142857, 5, 22, 27, 17, 3, 3, 5, 10, 
46, 65, 18, 54, 0.333333333333, 4, 20, 0.2, 6, 7, 0.857142857143, 6, 16, 22, 7, 4, 2, 3, 12, 25, 47, 0.531914893617, 6, 14, 0.428571428571, 9, 14, 0.642857142857, 5, 23, 28, 17, 3, 3, 6, 11, 
48, 65, 19, 56, 0.339285714286, 4, 21, 0.190476190476, 6, 7, 0.857142857143, 6, 17, 23, 8, 4, 2, 3, 12, 25, 48, 0.520833333333, 6, 14, 0.428571428571, 9, 14, 0.642857142857, 5, 24, 29, 17, 3, 3, 7, 11, 
51, 65, 20, 57, 0.350877192982, 4, 21, 0.190476190476, 7, 8, 0.875, 6, 18, 24, 8, 4, 2, 3, 12, 25, 50, 0.5, 6, 15, 0.4, 9, 14, 0.642857142857, 6, 24, 30, 17, 3, 3, 7, 12, 
51, 65, 20, 58, 0.344827586207, 4, 21, 0.190476190476, 7, 8, 0.875, 6, 18, 24, 8, 5, 2, 4, 13, 25, 50, 0.5, 6, 15, 0.4, 9, 14, 0.642857142857, 6, 25, 31, 17, 3, 3, 8, 13, 
51, 65, 20, 59, 0.338983050847, 4, 21, 0.190476190476, 7, 8, 0.875, 6, 19, 25, 8, 5, 2, 4, 13, 25, 51, 0.490196078431, 6, 16, 0.375, 9, 14, 0.642857142857, 6, 25, 31, 17, 4, 3, 8, 13, 
51, 65, 20, 59, 0.338983050847, 4, 21, 0.190476190476, 7, 8, 0.875, 6, 19, 25, 8, 5, 2, 4, 13, 25, 51, 0.490196078431, 6, 16, 0.375, 9, 14, 0.642857142857, 6, 25, 31, 17, 4, 3, 8, 13, 
51, 65, 20, 59, 0.338983050847, 4, 21, 0.190476190476, 7, 8, 0.875, 6, 19, 25, 8, 5, 2, 4, 13, 25, 51, 0.490196078431, 6, 16, 0.375, 9, 14, 0.642857142857, 6, 25, 31, 17, 4, 3, 8, 13, 
53, 68, 21, 62, 0.338709677419, 4, 21, 0.190476190476, 7, 8, 0.875, 8, 19, 27, 8, 5, 2, 4, 13, 26, 52, 0.5, 7, 17, 0.411764705882, 9, 14, 0.642857142857, 6, 25, 31, 18, 4, 3, 8, 13, 
53, 69, 21, 63, 0.333333333333, 4, 22, 0.181818181818, 7, 8, 0.875, 8, 20, 28, 8, 5, 2, 4, 14, 26, 53, 0.490566037736, 7, 17, 0.411764705882, 10, 15, 0.666666666667, 6, 26, 32, 18, 4, 3, 8, 13, 
53, 72, 21, 64, 0.328125, 4, 22, 0.181818181818, 7, 8, 0.875, 8, 20, 28, 8, 5, 2, 4, 14, 27, 54, 0.5, 7, 17, 0.411764705882, 11, 16, 0.6875, 6, 27, 33, 18, 4, 3, 8, 13, 
56, 75, 22, 66, 0.333333333333, 5, 24, 0.208333333333, 7, 8, 0.875, 8, 20, 28, 8, 5, 2, 4, 14, 28, 56, 0.5, 8, 19, 0.421052631579, 11, 16, 0.6875, 7, 28, 35, 19, 4, 3, 8, 13, 
56, 75, 22, 66, 0.333333333333, 5, 24, 0.208333333333, 7, 8, 0.875, 8, 20, 28, 8, 5, 2, 4, 14, 28, 56, 0.5, 8, 19, 0.421052631579, 11, 16, 0.6875, 7, 28, 35, 19, 4, 3, 8, 13, 
56, 75, 22, 66, 0.333333333333, 5, 24, 0.208333333333, 7, 8, 0.875, 8, 20, 28, 8, 5, 2, 4, 14, 28, 56, 0.5, 8, 19, 0.421052631579, 11, 16, 0.6875, 7, 28, 35, 19, 4, 3, 8, 13, 
56, 75, 22, 66, 0.333333333333, 5, 24, 0.208333333333, 7, 8, 0.875, 8, 20, 28, 8, 5, 2, 4, 14, 28, 56, 0.5, 8, 19, 0.421052631579, 11, 16, 0.6875, 7, 28, 35, 19, 4, 3, 8, 13, 
56, 77, 22, 66, 0.333333333333, 5, 24, 0.208333333333, 7, 8, 0.875, 8, 20, 28, 8, 5, 2, 4, 15, 29, 57, 0.508771929825, 8, 19, 0.421052631579, 11, 16, 0.6875, 7, 28, 35, 19, 4, 3, 8, 13, 
59, 77, 23, 68, 0.338235294118, 6, 25, 0.24, 7, 8, 0.875, 8, 21, 29, 9, 5, 2, 4, 15, 29, 58, 0.5, 8, 20, 0.4, 11, 16, 0.6875, 7, 28, 35, 19, 4, 3, 8, 14, 
59, 77, 23, 68, 0.338235294118, 6, 25, 0.24, 7, 8, 0.875, 8, 21, 29, 9, 5, 2, 4, 16, 29, 58, 0.5, 8, 20, 0.4, 11, 17, 0.647058823529, 7, 28, 35, 19, 4, 3, 8, 14, 
59, 78, 23, 70, 0.328571428571, 6, 26, 0.230769230769, 7, 8, 0.875, 9, 21, 30, 9, 5, 2, 4, 16, 29, 59, 0.491525423729, 8, 21, 0.380952380952, 12, 18, 0.666666666667, 8, 29, 37, 19, 4, 3, 8, 14, 
59, 81, 23, 70, 0.328571428571, 6, 26, 0.230769230769, 7, 8, 0.875, 9, 21, 30, 9, 5, 2, 4, 17, 30, 60, 0.5, 8, 21, 0.380952380952, 13, 19, 0.684210526316, 8, 29, 37, 19, 4, 3, 8, 14, 
59, 81, 23, 70, 0.328571428571, 6, 26, 0.230769230769, 7, 8, 0.875, 9, 21, 30, 9, 5, 2, 4, 17, 30, 60, 0.5, 8, 21, 0.380952380952, 13, 19, 0.684210526316, 8, 29, 37, 19, 4, 3, 8, 14, 
59, 81, 23, 71, 0.323943661972, 6, 27, 0.222222222222, 7, 8, 0.875, 9, 21, 30, 9, 5, 2, 4, 17, 30, 60, 0.5, 8, 21, 0.380952380952, 13, 19, 0.684210526316, 8, 30, 38, 19, 4, 3, 8, 14, 
59, 81, 23, 71, 0.323943661972, 6, 27, 0.222222222222, 7, 8, 0.875, 9, 21, 30, 9, 5, 2, 4, 17, 30, 60, 0.5, 8, 21, 0.380952380952, 13, 19, 0.684210526316, 8, 30, 38, 19, 4, 3, 8, 14, 
59, 81, 23, 71, 0.323943661972, 6, 27, 0.222222222222, 7, 8, 0.875, 9, 21, 30, 9, 5, 2, 4, 17, 30, 60, 0.5, 8, 21, 0.380952380952, 13, 19, 0.684210526316, 8, 30, 38, 19, 4, 3, 8, 14, 
59, 81, 23, 73, 0.315068493151, 6, 29, 0.206896551724, 7, 8, 0.875, 9, 22, 31, 9, 5, 2, 4, 17, 30, 61, 0.491803278689, 8, 21, 0.380952380952, 13, 19, 0.684210526316, 8, 32, 40, 19, 4, 3, 8, 14, 
59, 81, 23, 74, 0.310810810811, 6, 29, 0.206896551724, 7, 8, 0.875, 9, 23, 32, 9, 5, 2, 4, 17, 30, 62, 0.483870967742, 8, 21, 0.380952380952, 13, 19, 0.684210526316, 8, 32, 40, 19, 4, 3, 8, 14, 
59, 81, 23, 75, 0.306666666667, 6, 29, 0.206896551724, 7, 8, 0.875, 9, 23, 32, 9, 5, 3, 4, 17, 30, 63, 0.47619047619, 8, 21, 0.380952380952, 13, 19, 0.684210526316, 9, 32, 41, 19, 4, 4, 8, 14, 
61, 81, 24, 76, 0.315789473684, 6, 29, 0.206896551724, 7, 8, 0.875, 9, 23, 32, 9, 5, 3, 4, 18, 30, 63, 0.47619047619, 8, 21, 0.380952380952, 13, 19, 0.684210526316, 9, 32, 41, 19, 4, 4, 8, 14, 
61, 81, 24, 77, 0.311688311688, 6, 30, 0.2, 7, 8, 0.875, 9, 23, 32, 9, 5, 3, 4, 19, 30, 63, 0.47619047619, 8, 21, 0.380952380952, 13, 19, 0.684210526316, 9, 33, 42, 19, 4, 4, 9, 14, 
61, 81, 24, 77, 0.311688311688, 6, 30, 0.2, 7, 8, 0.875, 9, 23, 32, 9, 5, 3, 4, 19, 30, 63, 0.47619047619, 8, 21, 0.380952380952, 13, 19, 0.684210526316, 9, 33, 42, 19, 4, 4, 9, 14, 
61, 81, 24, 77, 0.311688311688, 6, 30, 0.2, 7, 8, 0.875, 9, 23, 32, 9, 5, 3, 4, 19, 30, 63, 0.47619047619, 8, 21, 0.380952380952, 13, 19, 0.684210526316, 9, 33, 42, 19, 4, 4, 9, 14, 
61, 81, 24, 78, 0.307692307692, 6, 30, 0.2, 7, 8, 0.875, 9, 24, 33, 9, 5, 3, 4, 19, 30, 64, 0.46875, 8, 21, 0.380952380952, 13, 19, 0.684210526316, 9, 33, 42, 19, 4, 5, 9, 14, 
61, 84, 24, 80, 0.3, 6, 31, 0.193548387097, 7, 8, 0.875, 9, 24, 33, 9, 5, 3, 4, 19, 31, 65, 0.476923076923, 9, 22, 0.409090909091, 13, 19, 0.684210526316, 9, 34, 43, 20, 4, 5, 9, 14, 
61, 86, 24, 81, 0.296296296296, 6, 31, 0.193548387097, 7, 8, 0.875, 9, 25, 34, 9, 5, 3, 4, 19, 32, 68, 0.470588235294, 9, 23, 0.391304347826, 13, 19, 0.684210526316, 10, 36, 46, 20, 4, 5, 9, 14, 
61, 86, 24, 81, 0.296296296296, 6, 31, 0.193548387097, 7, 8, 0.875, 9, 25, 34, 9, 5, 3, 4, 19, 32, 68, 0.470588235294, 9, 23, 0.391304347826, 13, 19, 0.684210526316, 10, 36, 46, 20, 4, 5, 9, 14, 
61, 86, 24, 81, 0.296296296296, 6, 31, 0.193548387097, 7, 8, 0.875, 9, 25, 34, 9, 5, 3, 4, 19, 32, 68, 0.470588235294, 9, 23, 0.391304347826, 13, 19, 0.684210526316, 10, 36, 46, 20, 4, 5, 9, 14, 
61, 86, 24, 81, 0.296296296296, 6, 31, 0.193548387097, 7, 8, 0.875, 9, 26, 35, 9, 5, 4, 5, 19, 32, 69, 0.463768115942, 9, 23, 0.391304347826, 13, 19, 0.684210526316, 10, 36, 46, 20, 4, 5, 9, 14, 
65, 86, 26, 84, 0.309523809524, 6, 31, 0.193548387097, 7, 8, 0.875, 10, 26, 36, 10, 6, 4, 5, 20, 32, 69, 0.463768115942, 9, 23, 0.391304347826, 13, 19, 0.684210526316, 10, 36, 46, 20, 4, 5, 10, 14, 
65, 86, 26, 84, 0.309523809524, 6, 31, 0.193548387097, 7, 8, 0.875, 10, 26, 36, 10, 6, 4, 5, 20, 32, 69, 0.463768115942, 9, 23, 0.391304347826, 13, 20, 0.65, 10, 36, 46, 20, 4, 5, 10, 14, 
70, 89, 28, 86, 0.325581395349, 7, 32, 0.21875, 7, 8, 0.875, 10, 26, 36, 12, 6, 4, 5, 20, 33, 70, 0.471428571429, 9, 23, 0.391304347826, 14, 21, 0.666666666667, 10, 36, 46, 21, 4, 5, 10, 14, 
71, 89, 28, 86, 0.325581395349, 7, 32, 0.21875, 8, 9, 0.888888888889, 10, 26, 36, 12, 6, 4, 5, 20, 33, 70, 0.471428571429, 9, 23, 0.391304347826, 14, 21, 0.666666666667, 10, 36, 46, 21, 4, 5, 11, 15, 
74, 89, 29, 87, 0.333333333333, 7, 32, 0.21875, 9, 10, 0.9, 10, 26, 36, 12, 6, 4, 5, 20, 33, 70, 0.471428571429, 9, 23, 0.391304347826, 14, 21, 0.666666666667, 10, 36, 46, 21, 4, 5, 12, 15, 
74, 89, 29, 87, 0.333333333333, 7, 32, 0.21875, 9, 10, 0.9, 10, 26, 36, 12, 6, 4, 5, 20, 33, 70, 0.471428571429, 9, 23, 0.391304347826, 14, 21, 0.666666666667, 10, 36, 46, 21, 4, 5, 12, 15, 
74, 89, 29, 87, 0.333333333333, 7, 32, 0.21875, 9, 10, 0.9, 10, 26, 36, 12, 6, 4, 5, 20, 33, 70, 0.471428571429, 9, 23, 0.391304347826, 14, 21, 0.666666666667, 10, 36, 46, 21, 4, 5, 12, 15, 
74, 91, 29, 87, 0.333333333333, 7, 32, 0.21875, 9, 10, 0.9, 10, 26, 36, 12, 6, 4, 5, 20, 34, 71, 0.478873239437, 9, 23, 0.391304347826, 14, 21, 0.666666666667, 10, 36, 46, 22, 4, 5, 12, 15, 
76, 91, 30, 89, 0.337078651685, 7, 32, 0.21875, 9, 10, 0.9, 10, 26, 36, 13, 7, 4, 5, 20, 34, 72, 0.472222222222, 9, 23, 0.391304347826, 14, 21, 0.666666666667, 11, 36, 47, 22, 4, 6, 13, 15, 
76, 91, 30, 89, 0.337078651685, 7, 32, 0.21875, 9, 10, 0.9, 10, 26, 36, 13, 7, 4, 5, 20, 34, 72, 0.472222222222, 9, 23, 0.391304347826, 14, 21, 0.666666666667, 11, 36, 47, 22, 4, 6, 13, 15, 
76, 91, 30, 89, 0.337078651685, 7, 32, 0.21875, 9, 10, 0.9, 10, 26, 36, 13, 7, 4, 5, 20, 34, 72, 0.472222222222, 9, 23, 0.391304347826, 14, 21, 0.666666666667, 11, 36, 47, 22, 4, 6, 13, 15, 
76, 91, 30, 89, 0.337078651685, 7, 32, 0.21875, 9, 10, 0.9, 10, 26, 36, 13, 7, 4, 5, 20, 34, 72, 0.472222222222, 9, 23, 0.391304347826, 14, 21, 0.666666666667, 11, 36, 47, 22, 4, 6, 14, 15, 
78, 93, 31, 90, 0.344444444444, 7, 32, 0.21875, 9, 10, 0.9, 10, 27, 37, 13, 7, 4, 5, 21, 35, 73, 0.479452054795, 9, 23, 0.391304347826, 14, 22, 0.636363636364, 11, 36, 47, 23, 4, 6, 14, 15, 
80, 95, 32, 92, 0.347826086957, 7, 32, 0.21875, 9, 10, 0.9, 10, 27, 37, 13, 7, 4, 5, 21, 36, 74, 0.486486486486, 9, 23, 0.391304347826, 14, 22, 0.636363636364, 11, 36, 47, 24, 4, 7, 14, 15, 
82, 97, 33, 94, 0.351063829787, 7, 32, 0.21875, 9, 10, 0.9, 11, 27, 38, 13, 7, 5, 5, 21, 37, 76, 0.486842105263, 9, 23, 0.391304347826, 14, 22, 0.636363636364, 12, 36, 48, 24, 4, 8, 14, 15, 
84, 97, 33, 94, 0.351063829787, 7, 32, 0.21875, 11, 12, 0.916666666667, 11, 27, 38, 13, 7, 5, 5, 21, 37, 76, 0.486842105263, 9, 23, 0.391304347826, 14, 22, 0.636363636364, 12, 36, 48, 24, 4, 8, 14, 16, 
84, 97, 33, 95, 0.347368421053, 7, 33, 0.212121212121, 11, 12, 0.916666666667, 11, 28, 39, 13, 7, 5, 5, 22, 37, 77, 0.480519480519, 9, 23, 0.391304347826, 14, 23, 0.608695652174, 12, 37, 49, 24, 4, 8, 14, 16, 
84, 98, 33, 95, 0.347368421053, 7, 33, 0.212121212121, 11, 12, 0.916666666667, 11, 28, 39, 13, 7, 5, 6, 22, 37, 77, 0.480519480519, 9, 23, 0.391304347826, 15, 24, 0.625, 12, 37, 49, 24, 5, 8, 14, 16, 
84, 98, 33, 95, 0.347368421053, 7, 33, 0.212121212121, 11, 12, 0.916666666667, 11, 28, 39, 13, 7, 5, 6, 22, 37, 77, 0.480519480519, 9, 23, 0.391304347826, 15, 24, 0.625, 12, 37, 49, 24, 5, 8, 14, 16, 
84, 98, 33, 95, 0.347368421053, 7, 33, 0.212121212121, 11, 12, 0.916666666667, 11, 28, 39, 13, 7, 5, 6, 22, 37, 77, 0.480519480519, 9, 23, 0.391304347826, 15, 24, 0.625, 12, 37, 49, 24, 5, 8, 14, 16, 
84, 98, 33, 95, 0.347368421053, 7, 33, 0.212121212121, 11, 12, 0.916666666667, 11, 28, 39, 13, 7, 5, 6, 22, 37, 77, 0.480519480519, 9, 23, 0.391304347826, 15, 24, 0.625, 12, 37, 49, 24, 5, 8, 14, 16, 
84, 98, 33, 95, 0.347368421053, 7, 33, 0.212121212121, 11, 12, 0.916666666667, 11, 28, 39, 13, 7, 5, 6, 22, 37, 77, 0.480519480519, 9, 23, 0.391304347826, 15, 24, 0.625, 12, 37, 49, 24, 5, 8, 14, 16, 
84, 98, 33, 95, 0.347368421053, 7, 33, 0.212121212121, 11, 12, 0.916666666667, 11, 28, 39, 13, 7, 5, 6, 22, 37, 77, 0.480519480519, 9, 23, 0.391304347826, 15, 24, 0.625, 12, 37, 49, 24, 5, 8, 14, 16, 
84, 98, 33, 95, 0.347368421053, 7, 33, 0.212121212121, 11, 12, 0.916666666667, 11, 28, 39, 13, 7, 5, 6, 22, 37, 77, 0.480519480519, 9, 23, 0.391304347826, 15, 24, 0.625, 12, 37, 49, 24, 5, 8, 14, 16, 
84, 98, 33, 95, 0.347368421053, 7, 33, 0.212121212121, 11, 12, 0.916666666667, 11, 28, 39, 13, 7, 5, 6, 22, 37, 77, 0.480519480519, 9, 23, 0.391304347826, 15, 24, 0.625, 12, 37, 49, 24, 5, 8, 14, 16, 
84, 98, 33, 95, 0.347368421053, 7, 33, 0.212121212121, 11, 12, 0.916666666667, 11, 28, 39, 13, 7, 5, 6, 22, 37, 77, 0.480519480519, 9, 23, 0.391304347826, 15, 24, 0.625, 12, 37, 49, 24, 5, 8, 14, 16, 
84, 98, 33, 95, 0.347368421053, 7, 33, 0.212121212121, 11, 12, 0.916666666667, 11, 28, 39, 13, 7, 5, 6, 22, 37, 77, 0.480519480519, 9, 23, 0.391304347826, 15, 24, 0.625, 12, 37, 49, 24, 5, 8, 14, 16, 
84, 98, 33, 95, 0.347368421053, 7, 33, 0.212121212121, 11, 12, 0.916666666667, 11, 28, 39, 13, 7, 5, 6, 22, 37, 77, 0.480519480519, 9, 23, 0.391304347826, 15, 24, 0.625, 12, 37, 49, 24, 5, 8, 14, 16, 
84, 98, 33, 95, 0.347368421053, 7, 33, 0.212121212121, 11, 12, 0.916666666667, 11, 28, 39, 13, 7, 5, 6, 22, 37, 77, 0.480519480519, 9, 23, 0.391304347826, 15, 24, 0.625, 12, 37, 49, 24, 5, 8, 14, 16, 
84, 98, 33, 95, 0.347368421053, 7, 33, 0.212121212121, 11, 12, 0.916666666667, 11, 28, 39, 13, 7, 5, 6, 22, 37, 77, 0.480519480519, 9, 23, 0.391304347826, 15, 24, 0.625, 12, 37, 49, 24, 5, 8, 14, 16, 
84, 98, 33, 95, 0.347368421053, 7, 33, 0.212121212121, 11, 12, 0.916666666667, 11, 28, 39, 13, 7, 5, 6, 22, 37, 77, 0.480519480519, 9, 23, 0.391304347826, 15, 24, 0.625, 12, 37, 49, 24, 5, 8, 14, 16, 
84, 98, 33, 95, 0.347368421053, 7, 33, 0.212121212121, 11, 12, 0.916666666667, 11, 28, 39, 13, 7, 5, 6, 22, 37, 77, 0.480519480519, 9, 23, 0.391304347826, 15, 24, 0.625, 12, 37, 49, 24, 5, 8, 14, 16, 
84, 98, 33, 95, 0.347368421053, 7, 33, 0.212121212121, 11, 12, 0.916666666667, 11, 28, 39, 13, 7, 5, 6, 22, 37, 77, 0.480519480519, 9, 23, 0.391304347826, 15, 24, 0.625, 12, 37, 49, 24, 5, 8, 14, 16, 
84, 98, 33, 95, 0.347368421053, 7, 33, 0.212121212121, 11, 12, 0.916666666667, 11, 28, 39, 13, 7, 5, 6, 22, 37, 77, 0.480519480519, 9, 23, 0.391304347826, 15, 24, 0.625, 12, 37, 49, 24, 5, 8, 14, 16, 
84, 98, 33, 95, 0.347368421053, 7, 33, 0.212121212121, 11, 12, 0.916666666667, 11, 28, 39, 13, 7, 5, 6, 22, 37, 77, 0.480519480519, 9, 23, 0.391304347826, 15, 24, 0.625, 12, 37, 49, 24, 5, 8, 14, 16, 
84, 98, 33, 95, 0.347368421053, 7, 33, 0.212121212121, 11, 12, 0.916666666667, 11, 28, 39, 13, 7, 5, 6, 22, 37, 77, 0.480519480519, 9, 23, 0.391304347826, 15, 24, 0.625, 12, 37, 49, 24, 5, 8, 14, 16, 
