0, 0, 0, 0, 0.0, 0, 0, 0.0, 0, 0, 0, 0, 0, 0, 0, 0, 0, 0, 0, 0, 0, 0.0, 0, 0, 0.0, 0, 0, 0, 0, 0, 0, 0, 0, 0, 0, 0, 0.0
3, 3, 1, 1, 1.0, 1, 1, 1.0, 0, 0, 0, 0, 1, 1, 1, 0, 0, 1, 0, 1, 2, 0.5, 1, 2, 0.5, 0, 0, 0, 0, 0, 0, 1, 0, 0, 0, 0, 1.5
3, 5, 1, 3, 0.333333333333, 1, 1, 1.0, 0, 0, 0, 0, 1, 1, 1, 0, 0, 1, 0, 2, 3, 0.666666666667, 1, 2, 0.5, 0, 0, 0, 0, 2, 2, 1, 0, 0, 0, 1, 0.5
3, 7, 1, 5, 0.2, 1, 2, 0.5, 0, 0, 0, 0, 1, 1, 1, 0, 0, 1, 0, 3, 5, 0.6, 1, 3, 0.333333333333, 0, 0, 0, 1, 4, 5, 2, 0, 0, 1, 2, 0.3
3, 11, 1, 5, 0.2, 1, 2, 0.5, 0, 0, 0, 0, 1, 1, 1, 0, 0, 2, 0, 5, 7, 0.714285714286, 1, 3, 0.333333333333, 0, 0, 0, 1, 4, 5, 3, 0, 0, 1, 2, 0.3
5, 11, 2, 6, 0.333333333333, 1, 2, 0.5, 0, 0, 0, 0, 1, 1, 1, 0, 0, 2, 0, 5, 7, 0.714285714286, 1, 3, 0.333333333333, 0, 0, 0, 1, 4, 5, 3, 0, 0, 1, 2, 0.416666666667
5, 13, 2, 7, 0.285714285714, 1, 2, 0.5, 0, 0, 0, 0, 1, 1, 1, 0, 0, 2, 0, 6, 8, 0.75, 1, 3, 0.333333333333, 0, 0, 0, 1, 4, 5, 4, 0, 1, 1, 3, 0.357142857143
9, 15, 3, 8, 0.375, 1, 2, 0.5, 2, 2, 1.0, 0, 1, 1, 2, 0, 0, 2, 0, 7, 9, 0.777777777778, 1, 3, 0.333333333333, 0, 0, 0, 1, 4, 5, 5, 0, 1, 1, 3, 0.506756756757
11, 15, 4, 9, 0.444444444444, 1, 2, 0.5, 2, 2, 1.0, 0, 2, 2, 3, 0, 1, 2, 0, 7, 10, 0.7, 1, 3, 0.333333333333, 0, 0, 0, 1, 4, 5, 5, 0, 1, 1, 3, 0.556680161943
11, 15, 4, 9, 0.444444444444, 1, 2, 0.5, 2, 2, 1.0, 0, 2, 2, 3, 0, 1, 2, 0, 7, 10, 0.7, 1, 3, 0.333333333333, 0, 0, 0, 1, 4, 5, 5, 0, 1, 1, 3, 0.556680161943
11, 15, 4, 9, 0.444444444444, 1, 2, 0.5, 2, 2, 1.0, 0, 2, 2, 3, 0, 1, 2, 1, 7, 10, 0.7, 1, 3, 0.333333333333, 0, 0, 0, 1, 4, 5, 5, 0, 1, 1, 3, 0.556680161943
11, 16, 4, 9, 0.444444444444, 1, 2, 0.5, 2, 2, 1.0, 0, 2, 2, 3, 0, 1, 3, 1, 7, 11, 0.636363636364, 1, 4, 0.25, 1, 2, 0.5, 1, 4, 5, 5, 0, 1, 1, 3, 0.556680161943
11, 16, 4, 9, 0.444444444444, 1, 2, 0.5, 2, 2, 1.0, 0, 3, 3, 3, 0, 1, 4, 2, 7, 11, 0.636363636364, 1, 4, 0.25, 1, 2, 0.5, 1, 4, 5, 5, 0, 1, 1, 4, 0.556680161943
12, 18, 4, 9, 0.444444444444, 1, 2, 0.5, 3, 3, 1.0, 0, 3, 3, 3, 0, 1, 4, 2, 8, 12, 0.666666666667, 1, 4, 0.25, 1, 2, 0.5, 1, 4, 5, 6, 0, 1, 1, 5, 0.581395348837
13, 20, 4, 10, 0.4, 1, 3, 0.333333333333, 4, 4, 1.0, 0, 3, 3, 3, 0, 1, 4, 2, 9, 14, 0.642857142857, 1, 5, 0.2, 1, 2, 0.5, 1, 5, 6, 6, 0, 1, 1, 5, 0.552721088435
13, 20, 4, 10, 0.4, 1, 3, 0.333333333333, 4, 4, 1.0, 0, 3, 3, 3, 0, 1, 4, 2, 9, 14, 0.642857142857, 1, 5, 0.2, 1, 2, 0.5, 1, 5, 6, 6, 0, 1, 1, 5, 0.552721088435
13, 22, 4, 11, 0.363636363636, 1, 3, 0.333333333333, 4, 4, 1.0, 0, 4, 4, 3, 0, 1, 4, 2, 10, 15, 0.666666666667, 1, 5, 0.2, 1, 2, 0.5, 1, 6, 7, 7, 0, 1, 1, 5, 0.509404388715
13, 22, 4, 11, 0.363636363636, 1, 3, 0.333333333333, 4, 4, 1.0, 0, 4, 4, 3, 0, 1, 4, 2, 10, 15, 0.666666666667, 1, 5, 0.2, 1, 2, 0.5, 1, 6, 7, 7, 0, 1, 1, 5, 0.509404388715
13, 22, 4, 12, 0.333333333333, 1, 3, 0.333333333333, 4, 4, 1.0, 0, 4, 4, 3, 0, 1, 4, 2, 10, 15, 0.666666666667, 1, 5, 0.2, 1, 2, 0.5, 1, 7, 8, 7, 0, 1, 1, 5, 0.47238372093
13, 23, 4, 12, 0.333333333333, 1, 3, 0.333333333333, 4, 4, 1.0, 0, 4, 4, 3, 0, 1, 4, 3, 10, 16, 0.625, 1, 6, 0.166666666667, 2, 3, 0.666666666667, 2, 7, 9, 7, 0, 1, 1, 5, 0.47238372093
13, 24, 4, 12, 0.333333333333, 1, 3, 0.333333333333, 4, 4, 1.0, 0, 4, 4, 3, 0, 1, 4, 3, 10, 16, 0.625, 1, 6, 0.166666666667, 3, 4, 0.75, 2, 7, 9, 7, 0, 1, 1, 5, 0.47238372093
13, 24, 4, 12, 0.333333333333, 1, 3, 0.333333333333, 4, 4, 1.0, 0, 4, 4, 3, 0, 1, 4, 3, 10, 16, 0.625, 1, 6, 0.166666666667, 3, 4, 0.75, 2, 7, 9, 7, 0, 1, 1, 5, 0.47238372093
13, 24, 4, 12, 0.333333333333, 1, 3, 0.333333333333, 4, 4, 1.0, 0, 4, 4, 3, 0, 1, 4, 3, 10, 16, 0.625, 1, 6, 0.166666666667, 3, 4, 0.75, 2, 7, 9, 7, 0, 1, 1, 5, 0.47238372093
13, 24, 4, 12, 0.333333333333, 1, 3, 0.333333333333, 4, 4, 1.0, 0, 4, 4, 3, 0, 1, 4, 3, 10, 16, 0.625, 1, 6, 0.166666666667, 3, 4, 0.75, 2, 7, 9, 7, 0, 1, 1, 5, 0.47238372093
13, 24, 4, 12, 0.333333333333, 1, 3, 0.333333333333, 4, 4, 1.0, 0, 4, 4, 3, 0, 1, 4, 3, 10, 16, 0.625, 1, 6, 0.166666666667, 3, 4, 0.75, 2, 7, 9, 7, 0, 1, 1, 5, 0.47238372093
13, 26, 4, 14, 0.285714285714, 1, 4, 0.25, 4, 4, 1.0, 0, 4, 4, 3, 0, 1, 4, 3, 11, 18, 0.611111111111, 1, 7, 0.142857142857, 3, 4, 0.75, 2, 9, 11, 8, 0, 1, 1, 5, 0.412436548223
15, 26, 5, 17, 0.294117647059, 1, 4, 0.25, 4, 4, 1.0, 1, 6, 7, 4, 0, 1, 4, 3, 11, 19, 0.578947368421, 1, 7, 0.142857142857, 3, 4, 0.75, 2, 9, 11, 8, 0, 2, 1, 5, 0.399786780384
17, 29, 6, 19, 0.315789473684, 1, 5, 0.2, 4, 4, 1.0, 1, 6, 7, 5, 0, 1, 4, 3, 12, 20, 0.6, 2, 8, 0.25, 3, 4, 0.75, 2, 9, 11, 9, 0, 2, 1, 5, 0.409441233141
20, 31, 7, 20, 0.35, 2, 6, 0.333333333333, 4, 4, 1.0, 1, 6, 7, 6, 0, 1, 4, 3, 13, 21, 0.619047619048, 2, 8, 0.25, 3, 4, 0.75, 2, 10, 12, 10, 0, 2, 1, 5, 0.459558823529
22, 34, 8, 21, 0.380952380952, 2, 6, 0.333333333333, 4, 4, 1.0, 1, 6, 7, 6, 0, 1, 4, 3, 14, 22, 0.636363636364, 3, 9, 0.333333333333, 3, 4, 0.75, 2, 10, 12, 11, 0, 2, 1, 5, 0.483304042179
22, 34, 8, 21, 0.380952380952, 2, 6, 0.333333333333, 4, 4, 1.0, 1, 6, 7, 6, 0, 1, 4, 3, 14, 22, 0.636363636364, 3, 9, 0.333333333333, 3, 4, 0.75, 2, 10, 12, 11, 0, 2, 1, 5, 0.483304042179
22, 34, 8, 21, 0.380952380952, 2, 6, 0.333333333333, 4, 4, 1.0, 1, 6, 7, 6, 0, 1, 4, 3, 14, 22, 0.636363636364, 3, 9, 0.333333333333, 3, 4, 0.75, 2, 10, 12, 11, 0, 2, 1, 5, 0.483304042179
22, 34, 8, 20, 0.4, 2, 6, 0.333333333333, 4, 4, 1.0, 1, 6, 7, 6, 0, 1, 4, 4, 14, 22, 0.636363636364, 3, 9, 0.333333333333, 3, 4, 0.75, 2, 10, 12, 11, 0, 1, 1, 5, 0.505514705882
25, 36, 9, 21, 0.428571428571, 3, 7, 0.428571428571, 4, 4, 1.0, 1, 6, 7, 6, 0, 1, 4, 4, 14, 22, 0.636363636364, 3, 9, 0.333333333333, 5, 6, 0.833333333333, 2, 10, 12, 11, 0, 1, 1, 5, 0.54920913884
25, 39, 9, 21, 0.428571428571, 3, 7, 0.428571428571, 4, 4, 1.0, 1, 6, 7, 6, 0, 1, 4, 5, 15, 23, 0.652173913043, 4, 10, 0.4, 5, 6, 0.833333333333, 2, 10, 12, 12, 0, 1, 1, 5, 0.54920913884
28, 39, 10, 22, 0.454545454545, 3, 7, 0.428571428571, 5, 6, 0.833333333333, 1, 7, 8, 7, 0, 1, 4, 5, 15, 24, 0.625, 4, 11, 0.363636363636, 5, 6, 0.833333333333, 2, 11, 13, 12, 0, 1, 1, 6, 0.568181818182
28, 39, 10, 23, 0.434782608696, 3, 8, 0.375, 5, 6, 0.833333333333, 1, 7, 8, 7, 1, 1, 4, 5, 15, 24, 0.625, 4, 11, 0.363636363636, 5, 6, 0.833333333333, 2, 11, 13, 12, 0, 1, 2, 6, 0.546021840874
30, 39, 11, 24, 0.458333333333, 3, 8, 0.375, 5, 6, 0.833333333333, 1, 8, 9, 8, 1, 2, 5, 5, 15, 25, 0.6, 4, 11, 0.363636363636, 5, 6, 0.833333333333, 2, 11, 13, 12, 0, 1, 3, 6, 0.563063063063
32, 41, 12, 25, 0.48, 3, 8, 0.375, 5, 6, 0.833333333333, 1, 8, 9, 9, 1, 2, 5, 5, 16, 27, 0.592592592593, 4, 12, 0.333333333333, 5, 6, 0.833333333333, 2, 11, 13, 12, 0, 1, 3, 6, 0.578871201158
34, 41, 13, 26, 0.5, 3, 8, 0.375, 5, 6, 0.833333333333, 1, 9, 10, 10, 1, 1, 5, 5, 16, 27, 0.592592592593, 4, 12, 0.333333333333, 5, 6, 0.833333333333, 2, 11, 13, 12, 0, 1, 3, 6, 0.593575418994
34, 41, 13, 26, 0.5, 3, 8, 0.375, 5, 6, 0.833333333333, 1, 9, 10, 10, 1, 1, 5, 5, 16, 27, 0.592592592593, 4, 12, 0.333333333333, 5, 6, 0.833333333333, 2, 11, 13, 12, 0, 1, 3, 6, 0.593575418994
34, 41, 13, 26, 0.5, 3, 8, 0.375, 5, 6, 0.833333333333, 1, 9, 10, 10, 1, 1, 5, 5, 16, 27, 0.592592592593, 4, 12, 0.333333333333, 5, 6, 0.833333333333, 2, 11, 13, 12, 0, 1, 3, 6, 0.593575418994
34, 42, 13, 26, 0.5, 3, 8, 0.375, 5, 6, 0.833333333333, 1, 9, 10, 10, 1, 1, 5, 6, 16, 28, 0.571428571429, 4, 12, 0.333333333333, 6, 7, 0.857142857143, 3, 11, 14, 12, 0, 1, 3, 6, 0.593575418994
37, 43, 14, 28, 0.5, 4, 9, 0.444444444444, 5, 6, 0.833333333333, 1, 11, 12, 11, 1, 1, 5, 6, 16, 31, 0.516129032258, 4, 14, 0.285714285714, 7, 8, 0.875, 4, 12, 16, 12, 0, 1, 3, 6, 0.603785900783
39, 43, 15, 29, 0.51724137931, 4, 9, 0.444444444444, 5, 6, 0.833333333333, 1, 11, 12, 12, 1, 1, 5, 6, 16, 31, 0.516129032258, 4, 14, 0.285714285714, 7, 8, 0.875, 4, 12, 16, 12, 0, 1, 3, 6, 0.616308470291
39, 45, 15, 31, 0.483870967742, 4, 10, 0.4, 5, 6, 0.833333333333, 1, 11, 12, 12, 2, 1, 5, 6, 17, 32, 0.53125, 4, 14, 0.285714285714, 7, 8, 0.875, 4, 13, 17, 13, 0, 1, 4, 6, 0.57966706302
39, 45, 15, 31, 0.483870967742, 4, 10, 0.4, 5, 6, 0.833333333333, 1, 11, 12, 12, 2, 1, 5, 6, 17, 32, 0.53125, 4, 14, 0.285714285714, 7, 8, 0.875, 4, 13, 17, 13, 0, 1, 4, 6, 0.57966706302
39, 45, 15, 31, 0.483870967742, 4, 10, 0.4, 5, 6, 0.833333333333, 1, 11, 12, 12, 2, 1, 5, 6, 17, 32, 0.53125, 4, 14, 0.285714285714, 7, 8, 0.875, 4, 13, 17, 13, 0, 1, 4, 6, 0.57966706302
41, 45, 16, 32, 0.5, 4, 10, 0.4, 5, 6, 0.833333333333, 1, 11, 12, 12, 2, 1, 5, 6, 17, 33, 0.515151515152, 4, 15, 0.266666666667, 7, 8, 0.875, 4, 13, 17, 13, 0, 1, 4, 6, 0.591801385681
41, 48, 16, 33, 0.484848484848, 4, 10, 0.4, 5, 6, 0.833333333333, 1, 11, 12, 12, 2, 1, 5, 6, 18, 34, 0.529411764706, 5, 16, 0.3125, 7, 8, 0.875, 5, 14, 19, 14, 0, 1, 4, 7, 0.57519640853
41, 48, 16, 33, 0.484848484848, 4, 10, 0.4, 5, 6, 0.833333333333, 1, 11, 12, 12, 2, 1, 5, 7, 18, 35, 0.514285714286, 5, 16, 0.3125, 7, 8, 0.875, 5, 14, 19, 14, 0, 2, 4, 7, 0.57519640853
47, 49, 18, 35, 0.514285714286, 6, 12, 0.5, 5, 6, 0.833333333333, 1, 11, 12, 14, 3, 1, 5, 7, 18, 35, 0.514285714286, 5, 16, 0.3125, 8, 10, 0.8, 5, 14, 19, 14, 0, 2, 5, 7, 0.624335812965
47, 49, 18, 35, 0.514285714286, 6, 12, 0.5, 5, 6, 0.833333333333, 1, 11, 12, 14, 3, 1, 5, 7, 18, 35, 0.514285714286, 5, 16, 0.3125, 8, 10, 0.8, 5, 14, 19, 14, 0, 2, 5, 7, 0.624335812965
47, 49, 18, 35, 0.514285714286, 6, 12, 0.5, 5, 6, 0.833333333333, 1, 11, 12, 14, 3, 1, 5, 7, 18, 35, 0.514285714286, 5, 16, 0.3125, 8, 10, 0.8, 5, 14, 19, 14, 0, 2, 5, 7, 0.624335812965
47, 49, 18, 35, 0.514285714286, 6, 12, 0.5, 5, 6, 0.833333333333, 1, 11, 12, 14, 3, 1, 5, 7, 18, 35, 0.514285714286, 5, 16, 0.3125, 8, 10, 0.8, 5, 14, 19, 14, 0, 2, 5, 7, 0.624335812965
47, 49, 18, 36, 0.5, 6, 12, 0.5, 5, 6, 0.833333333333, 1, 11, 12, 14, 3, 1, 5, 7, 18, 35, 0.514285714286, 5, 16, 0.3125, 8, 10, 0.8, 5, 15, 20, 14, 0, 2, 6, 7, 0.60817805383
47, 49, 18, 36, 0.5, 6, 12, 0.5, 5, 6, 0.833333333333, 1, 11, 12, 14, 3, 1, 5, 7, 18, 35, 0.514285714286, 5, 16, 0.3125, 8, 10, 0.8, 5, 15, 20, 14, 0, 2, 6, 7, 0.60817805383
47, 51, 18, 37, 0.486486486486, 6, 13, 0.461538461538, 5, 6, 0.833333333333, 1, 11, 12, 14, 3, 1, 5, 7, 19, 36, 0.527777777778, 5, 16, 0.3125, 8, 10, 0.8, 5, 15, 20, 15, 0, 2, 6, 8, 0.592835519677
47, 51, 18, 38, 0.473684210526, 6, 13, 0.461538461538, 5, 6, 0.833333333333, 2, 11, 13, 14, 3, 1, 5, 7, 19, 36, 0.527777777778, 5, 16, 0.3125, 8, 10, 0.8, 5, 15, 20, 15, 0, 2, 6, 9, 0.578248031496
47, 51, 18, 41, 0.439024390244, 6, 16, 0.375, 5, 6, 0.833333333333, 4, 11, 15, 14, 3, 1, 5, 7, 19, 36, 0.527777777778, 5, 16, 0.3125, 8, 10, 0.8, 5, 16, 21, 15, 0, 2, 7, 10, 0.538496791934
47, 51, 18, 43, 0.418604651163, 6, 17, 0.352941176471, 5, 6, 0.833333333333, 4, 11, 15, 14, 3, 1, 5, 7, 19, 36, 0.527777777778, 5, 16, 0.3125, 8, 10, 0.8, 5, 17, 22, 15, 0, 2, 7, 10, 0.514899211218
47, 51, 18, 43, 0.418604651163, 6, 17, 0.352941176471, 5, 6, 0.833333333333, 4, 12, 16, 14, 3, 1, 6, 8, 19, 37, 0.513513513514, 5, 17, 0.294117647059, 8, 10, 0.8, 5, 18, 23, 15, 0, 2, 7, 10, 0.514899211218
47, 53, 18, 44, 0.409090909091, 6, 18, 0.333333333333, 5, 6, 0.833333333333, 4, 12, 16, 14, 3, 1, 6, 8, 20, 38, 0.526315789474, 5, 17, 0.294117647059, 8, 10, 0.8, 5, 18, 23, 15, 0, 2, 7, 10, 0.503859348199
47, 53, 18, 44, 0.409090909091, 6, 18, 0.333333333333, 5, 6, 0.833333333333, 4, 12, 16, 14, 3, 1, 6, 8, 20, 38, 0.526315789474, 5, 17, 0.294117647059, 8, 10, 0.8, 5, 18, 23, 15, 0, 2, 7, 10, 0.503859348199
47, 53, 18, 44, 0.409090909091, 6, 18, 0.333333333333, 5, 6, 0.833333333333, 4, 12, 16, 14, 3, 1, 6, 8, 20, 38, 0.526315789474, 5, 17, 0.294117647059, 8, 10, 0.8, 5, 18, 23, 15, 0, 2, 7, 10, 0.503859348199
47, 53, 18, 44, 0.409090909091, 6, 18, 0.333333333333, 5, 6, 0.833333333333, 4, 12, 16, 14, 3, 1, 6, 8, 20, 38, 0.526315789474, 5, 17, 0.294117647059, 8, 10, 0.8, 5, 18, 23, 15, 0, 2, 7, 10, 0.503859348199
47, 53, 18, 44, 0.409090909091, 6, 18, 0.333333333333, 5, 6, 0.833333333333, 4, 12, 16, 14, 3, 1, 6, 8, 20, 38, 0.526315789474, 5, 17, 0.294117647059, 8, 10, 0.8, 5, 18, 23, 15, 0, 2, 7, 10, 0.503859348199
47, 53, 18, 44, 0.409090909091, 6, 18, 0.333333333333, 5, 6, 0.833333333333, 4, 12, 16, 14, 3, 1, 6, 8, 20, 38, 0.526315789474, 5, 17, 0.294117647059, 8, 10, 0.8, 5, 18, 23, 15, 0, 2, 7, 10, 0.503859348199
47, 53, 18, 44, 0.409090909091, 6, 18, 0.333333333333, 5, 6, 0.833333333333, 4, 12, 16, 14, 3, 1, 6, 8, 20, 38, 0.526315789474, 5, 17, 0.294117647059, 8, 10, 0.8, 5, 18, 23, 15, 0, 2, 7, 10, 0.503859348199
47, 53, 18, 44, 0.409090909091, 6, 18, 0.333333333333, 5, 6, 0.833333333333, 4, 12, 16, 14, 3, 1, 6, 8, 20, 38, 0.526315789474, 5, 17, 0.294117647059, 8, 10, 0.8, 5, 18, 23, 15, 0, 2, 7, 10, 0.503859348199
47, 53, 18, 44, 0.409090909091, 6, 18, 0.333333333333, 5, 6, 0.833333333333, 4, 12, 16, 14, 3, 1, 6, 8, 20, 38, 0.526315789474, 5, 17, 0.294117647059, 8, 10, 0.8, 5, 18, 23, 15, 0, 2, 7, 10, 0.503859348199
47, 53, 18, 44, 0.409090909091, 6, 18, 0.333333333333, 5, 6, 0.833333333333, 4, 12, 16, 14, 3, 1, 6, 8, 20, 38, 0.526315789474, 5, 17, 0.294117647059, 8, 10, 0.8, 5, 18, 23, 15, 0, 2, 7, 10, 0.503859348199
47, 53, 18, 44, 0.409090909091, 6, 18, 0.333333333333, 5, 6, 0.833333333333, 4, 12, 16, 14, 3, 1, 6, 8, 20, 38, 0.526315789474, 5, 17, 0.294117647059, 8, 10, 0.8, 5, 18, 23, 15, 0, 2, 7, 10, 0.503859348199
47, 53, 18, 44, 0.409090909091, 6, 18, 0.333333333333, 5, 6, 0.833333333333, 4, 12, 16, 14, 3, 1, 6, 8, 20, 38, 0.526315789474, 5, 17, 0.294117647059, 8, 10, 0.8, 5, 18, 23, 15, 0, 2, 7, 10, 0.503859348199
47, 53, 18, 44, 0.409090909091, 6, 18, 0.333333333333, 5, 6, 0.833333333333, 4, 12, 16, 14, 3, 1, 6, 8, 20, 38, 0.526315789474, 5, 17, 0.294117647059, 8, 10, 0.8, 5, 18, 23, 15, 0, 2, 7, 10, 0.503859348199
47, 53, 18, 44, 0.409090909091, 6, 18, 0.333333333333, 5, 6, 0.833333333333, 4, 12, 16, 14, 3, 1, 6, 8, 20, 38, 0.526315789474, 5, 17, 0.294117647059, 8, 10, 0.8, 5, 18, 23, 15, 0, 2, 7, 10, 0.503859348199
47, 53, 18, 44, 0.409090909091, 6, 18, 0.333333333333, 5, 6, 0.833333333333, 4, 12, 16, 14, 3, 1, 6, 8, 20, 38, 0.526315789474, 5, 17, 0.294117647059, 8, 10, 0.8, 5, 18, 23, 15, 0, 2, 7, 10, 0.503859348199
47, 53, 18, 44, 0.409090909091, 6, 18, 0.333333333333, 5, 6, 0.833333333333, 4, 12, 16, 14, 3, 1, 6, 8, 20, 38, 0.526315789474, 5, 17, 0.294117647059, 8, 10, 0.8, 5, 18, 23, 15, 0, 2, 7, 10, 0.503859348199
47, 53, 18, 44, 0.409090909091, 6, 18, 0.333333333333, 5, 6, 0.833333333333, 4, 12, 16, 14, 3, 1, 6, 8, 20, 38, 0.526315789474, 5, 17, 0.294117647059, 8, 10, 0.8, 5, 18, 23, 15, 0, 2, 7, 10, 0.503859348199
47, 53, 18, 44, 0.409090909091, 6, 18, 0.333333333333, 5, 6, 0.833333333333, 4, 13, 17, 14, 3, 1, 6, 8, 20, 39, 0.512820512821, 5, 17, 0.294117647059, 8, 10, 0.8, 5, 18, 23, 15, 0, 2, 7, 10, 0.503859348199
50, 55, 19, 46, 0.413043478261, 7, 20, 0.35, 5, 6, 0.833333333333, 4, 13, 17, 15, 3, 1, 6, 8, 21, 40, 0.525, 5, 17, 0.294117647059, 8, 10, 0.8, 5, 19, 24, 16, 0, 2, 7, 10, 0.513980263158
52, 55, 20, 48, 0.416666666667, 7, 20, 0.35, 5, 6, 0.833333333333, 4, 14, 18, 16, 3, 1, 6, 8, 21, 41, 0.512195121951, 5, 17, 0.294117647059, 8, 10, 0.8, 5, 19, 24, 16, 0, 2, 8, 10, 0.513428120063
53, 55, 20, 49, 0.408163265306, 7, 21, 0.333333333333, 6, 7, 0.857142857143, 5, 15, 20, 16, 3, 1, 6, 8, 21, 42, 0.5, 5, 18, 0.277777777778, 8, 10, 0.8, 5, 20, 25, 16, 0, 2, 8, 11, 0.508832565284
53, 57, 20, 49, 0.408163265306, 7, 21, 0.333333333333, 6, 9, 0.666666666667, 5, 15, 20, 16, 3, 1, 6, 8, 22, 43, 0.511627906977, 5, 18, 0.277777777778, 8, 10, 0.8, 5, 21, 26, 17, 0, 2, 8, 12, 0.500377643505
54, 57, 20, 49, 0.408163265306, 7, 21, 0.333333333333, 7, 10, 0.7, 5, 16, 21, 16, 3, 1, 6, 8, 22, 44, 0.5, 5, 19, 0.263157894737, 8, 10, 0.8, 5, 21, 26, 17, 0, 2, 8, 12, 0.505617977528
60, 57, 22, 52, 0.423076923077, 9, 23, 0.391304347826, 7, 10, 0.7, 6, 17, 23, 18, 3, 1, 6, 8, 22, 45, 0.488888888889, 5, 20, 0.25, 8, 10, 0.8, 5, 21, 26, 17, 0, 2, 8, 12, 0.531914893617
60, 57, 22, 52, 0.423076923077, 9, 23, 0.391304347826, 7, 10, 0.7, 6, 17, 23, 18, 3, 1, 6, 8, 22, 45, 0.488888888889, 5, 20, 0.25, 8, 10, 0.8, 5, 21, 26, 17, 0, 2, 8, 12, 0.531914893617
60, 57, 22, 52, 0.423076923077, 9, 23, 0.391304347826, 7, 10, 0.7, 6, 17, 23, 18, 3, 1, 6, 8, 22, 45, 0.488888888889, 5, 20, 0.25, 8, 10, 0.8, 5, 21, 26, 17, 0, 2, 8, 12, 0.531914893617
64, 57, 24, 54, 0.444444444444, 9, 23, 0.391304347826, 7, 10, 0.7, 6, 18, 24, 19, 4, 1, 6, 8, 22, 46, 0.478260869565, 5, 20, 0.25, 8, 10, 0.8, 5, 21, 26, 17, 0, 2, 9, 12, 0.547945205479
66, 57, 25, 55, 0.454545454545, 9, 23, 0.391304347826, 7, 10, 0.7, 6, 18, 24, 19, 5, 1, 6, 8, 22, 46, 0.478260869565, 5, 20, 0.25, 8, 10, 0.8, 5, 21, 26, 17, 0, 2, 10, 12, 0.555555555556
66, 57, 25, 55, 0.454545454545, 9, 23, 0.391304347826, 7, 10, 0.7, 6, 18, 24, 19, 5, 1, 6, 9, 22, 46, 0.478260869565, 5, 20, 0.25, 8, 11, 0.727272727273, 5, 21, 26, 17, 0, 2, 10, 12, 0.555555555556
66, 58, 25, 55, 0.454545454545, 9, 23, 0.391304347826, 7, 10, 0.7, 6, 18, 24, 19, 5, 1, 7, 9, 22, 46, 0.478260869565, 5, 20, 0.25, 9, 12, 0.75, 5, 21, 26, 17, 0, 2, 10, 12, 0.555555555556
66, 62, 25, 56, 0.446428571429, 9, 23, 0.391304347826, 7, 10, 0.7, 6, 18, 24, 19, 5, 1, 7, 9, 24, 48, 0.5, 5, 20, 0.25, 9, 12, 0.75, 5, 22, 27, 17, 0, 2, 10, 12, 0.546357615894
66, 62, 25, 56, 0.446428571429, 9, 23, 0.391304347826, 7, 10, 0.7, 6, 18, 24, 19, 5, 1, 7, 9, 24, 48, 0.5, 5, 20, 0.25, 9, 12, 0.75, 5, 22, 27, 17, 0, 2, 10, 12, 0.546357615894
66, 62, 25, 56, 0.446428571429, 9, 23, 0.391304347826, 7, 10, 0.7, 6, 18, 24, 19, 5, 1, 7, 9, 24, 48, 0.5, 5, 20, 0.25, 9, 12, 0.75, 5, 22, 27, 17, 0, 2, 10, 12, 0.546357615894
68, 62, 26, 58, 0.448275862069, 9, 24, 0.375, 7, 10, 0.7, 7, 18, 25, 19, 5, 1, 7, 9, 24, 48, 0.5, 5, 20, 0.25, 9, 12, 0.75, 5, 22, 27, 17, 0, 2, 11, 12, 0.544871794872
70, 62, 27, 59, 0.457627118644, 9, 24, 0.375, 7, 10, 0.7, 7, 18, 25, 20, 6, 1, 8, 9, 24, 48, 0.5, 5, 20, 0.25, 9, 12, 0.75, 5, 22, 27, 17, 0, 2, 12, 12, 0.552050473186
70, 62, 27, 60, 0.45, 9, 24, 0.375, 7, 10, 0.7, 7, 19, 26, 20, 6, 1, 9, 10, 24, 49, 0.489795918367, 5, 21, 0.238095238095, 9, 12, 0.75, 5, 22, 27, 17, 0, 2, 12, 12, 0.54347826087
72, 64, 28, 62, 0.451612903226, 9, 24, 0.375, 7, 10, 0.7, 9, 19, 28, 20, 6, 1, 9, 10, 25, 50, 0.5, 5, 21, 0.238095238095, 9, 12, 0.75, 5, 22, 27, 17, 0, 2, 12, 12, 0.542168674699
74, 64, 29, 63, 0.460317460317, 9, 24, 0.375, 7, 10, 0.7, 9, 19, 28, 21, 6, 1, 9, 10, 25, 50, 0.5, 5, 21, 0.238095238095, 9, 12, 0.75, 5, 22, 27, 17, 0, 2, 13, 12, 0.548961424332
74, 64, 29, 63, 0.460317460317, 9, 24, 0.375, 7, 10, 0.7, 9, 19, 28, 21, 6, 1, 9, 10, 25, 50, 0.5, 5, 21, 0.238095238095, 9, 12, 0.75, 5, 22, 27, 17, 0, 2, 13, 12, 0.548961424332
74, 66, 29, 63, 0.460317460317, 9, 24, 0.375, 7, 10, 0.7, 9, 19, 28, 21, 6, 1, 10, 12, 25, 50, 0.5, 5, 21, 0.238095238095, 11, 14, 0.785714285714, 5, 22, 27, 17, 0, 2, 13, 12, 0.548961424332
74, 68, 29, 63, 0.460317460317, 9, 24, 0.375, 7, 10, 0.7, 9, 19, 28, 21, 6, 1, 10, 12, 26, 51, 0.509803921569, 5, 21, 0.238095238095, 11, 14, 0.785714285714, 5, 22, 27, 17, 0, 2, 13, 13, 0.548961424332
74, 68, 29, 63, 0.460317460317, 9, 24, 0.375, 7, 10, 0.7, 9, 19, 28, 21, 6, 1, 10, 12, 26, 51, 0.509803921569, 5, 21, 0.238095238095, 11, 14, 0.785714285714, 5, 22, 27, 17, 0, 2, 13, 13, 0.548961424332
74, 68, 29, 63, 0.460317460317, 9, 24, 0.375, 7, 10, 0.7, 9, 19, 28, 21, 6, 1, 10, 12, 26, 51, 0.509803921569, 5, 21, 0.238095238095, 11, 14, 0.785714285714, 5, 22, 27, 17, 0, 2, 13, 13, 0.548961424332
77, 68, 30, 65, 0.461538461538, 10, 26, 0.384615384615, 7, 10, 0.7, 9, 20, 29, 22, 6, 1, 10, 12, 26, 52, 0.5, 5, 21, 0.238095238095, 11, 14, 0.785714285714, 5, 22, 27, 17, 0, 2, 13, 13, 0.554755043228
77, 68, 30, 65, 0.461538461538, 10, 26, 0.384615384615, 7, 10, 0.7, 9, 20, 29, 22, 6, 1, 10, 12, 26, 52, 0.5, 5, 21, 0.238095238095, 11, 14, 0.785714285714, 5, 22, 27, 17, 0, 2, 13, 13, 0.554755043228
77, 68, 30, 65, 0.461538461538, 10, 26, 0.384615384615, 7, 10, 0.7, 9, 20, 29, 22, 6, 1, 10, 12, 26, 52, 0.5, 5, 21, 0.238095238095, 11, 14, 0.785714285714, 5, 22, 27, 17, 0, 2, 13, 13, 0.554755043228
79, 68, 31, 66, 0.469696969697, 10, 26, 0.384615384615, 7, 10, 0.7, 9, 20, 29, 22, 6, 1, 10, 12, 26, 53, 0.490566037736, 5, 22, 0.227272727273, 11, 14, 0.785714285714, 5, 22, 27, 17, 0, 2, 13, 13, 0.561079545455
81, 68, 32, 67, 0.477611940299, 10, 26, 0.384615384615, 7, 10, 0.7, 9, 22, 31, 23, 6, 1, 10, 12, 26, 55, 0.472727272727, 5, 24, 0.208333333333, 11, 14, 0.785714285714, 5, 22, 27, 17, 0, 2, 13, 13, 0.567226890756
83, 68, 32, 67, 0.477611940299, 10, 26, 0.384615384615, 9, 12, 0.75, 9, 22, 31, 23, 6, 1, 10, 12, 26, 56, 0.464285714286, 5, 24, 0.208333333333, 11, 14, 0.785714285714, 5, 22, 27, 17, 0, 2, 13, 14, 0.574156059768
86, 68, 33, 69, 0.478260869565, 11, 27, 0.407407407407, 9, 12, 0.75, 9, 24, 33, 23, 6, 1, 10, 13, 26, 57, 0.456140350877, 5, 25, 0.2, 11, 14, 0.785714285714, 5, 23, 28, 17, 0, 2, 13, 14, 0.578890683899
89, 68, 34, 70, 0.485714285714, 12, 28, 0.428571428571, 9, 12, 0.75, 9, 25, 34, 24, 6, 1, 10, 13, 26, 58, 0.448275862069, 5, 26, 0.192307692308, 11, 14, 0.785714285714, 5, 23, 28, 17, 0, 2, 13, 14, 0.591126461211
89, 68, 34, 70, 0.485714285714, 12, 28, 0.428571428571, 9, 12, 0.75, 9, 25, 34, 24, 6, 1, 10, 13, 26, 58, 0.448275862069, 5, 26, 0.192307692308, 11, 14, 0.785714285714, 5, 23, 28, 17, 0, 2, 13, 14, 0.591126461211
89, 68, 34, 70, 0.485714285714, 12, 28, 0.428571428571, 9, 12, 0.75, 9, 25, 34, 24, 6, 2, 10, 13, 26, 60, 0.433333333333, 5, 26, 0.192307692308, 11, 14, 0.785714285714, 7, 23, 30, 17, 0, 2, 13, 14, 0.591126461211
93, 70, 36, 72, 0.5, 12, 28, 0.428571428571, 9, 12, 0.75, 9, 26, 35, 26, 6, 2, 10, 13, 27, 62, 0.435483870968, 5, 26, 0.192307692308, 11, 14, 0.785714285714, 7, 23, 30, 17, 0, 2, 13, 14, 0.601708074534
93, 72, 36, 74, 0.486486486486, 12, 29, 0.413793103448, 9, 12, 0.75, 9, 27, 36, 26, 6, 2, 10, 13, 28, 64, 0.4375, 5, 27, 0.185185185185, 11, 14, 0.785714285714, 7, 25, 32, 18, 0, 3, 13, 14, 0.586528758829
93, 75, 36, 75, 0.48, 12, 30, 0.4, 9, 12, 0.75, 9, 27, 36, 26, 6, 2, 10, 14, 29, 65, 0.446153846154, 5, 27, 0.185185185185, 12, 15, 0.8, 7, 26, 33, 19, 0, 3, 13, 14, 0.579222720478
93, 75, 36, 75, 0.48, 12, 30, 0.4, 9, 12, 0.75, 9, 28, 37, 26, 6, 1, 10, 14, 29, 67, 0.432835820896, 5, 28, 0.178571428571, 12, 15, 0.8, 8, 26, 34, 19, 0, 3, 13, 14, 0.579222720478
96, 77, 37, 78, 0.474358974359, 13, 32, 0.40625, 9, 12, 0.75, 9, 28, 37, 27, 6, 1, 10, 14, 30, 68, 0.441176470588, 5, 28, 0.178571428571, 12, 15, 0.8, 8, 26, 34, 19, 0, 3, 13, 14, 0.576368876081
96, 77, 37, 78, 0.474358974359, 13, 32, 0.40625, 9, 12, 0.75, 9, 28, 37, 27, 6, 2, 10, 14, 30, 70, 0.428571428571, 5, 28, 0.178571428571, 12, 15, 0.8, 10, 27, 37, 19, 0, 3, 14, 15, 0.576368876081
96, 77, 37, 78, 0.474358974359, 13, 32, 0.40625, 9, 12, 0.75, 9, 28, 37, 27, 6, 2, 10, 14, 30, 70, 0.428571428571, 5, 28, 0.178571428571, 12, 15, 0.8, 10, 27, 37, 19, 0, 3, 14, 15, 0.576368876081
96, 77, 37, 78, 0.474358974359, 13, 32, 0.40625, 9, 12, 0.75, 9, 28, 37, 27, 6, 2, 10, 14, 30, 70, 0.428571428571, 5, 28, 0.178571428571, 12, 15, 0.8, 10, 27, 37, 19, 0, 3, 14, 15, 0.576368876081
96, 77, 37, 79, 0.46835443038, 13, 33, 0.393939393939, 9, 12, 0.75, 9, 29, 38, 27, 6, 2, 10, 14, 30, 71, 0.422535211268, 5, 29, 0.172413793103, 12, 15, 0.8, 10, 28, 38, 19, 0, 3, 14, 16, 0.569530137636
96, 77, 37, 80, 0.4625, 13, 33, 0.393939393939, 9, 12, 0.75, 9, 29, 38, 27, 7, 2, 11, 14, 30, 71, 0.422535211268, 5, 29, 0.172413793103, 12, 15, 0.8, 10, 29, 39, 19, 0, 3, 15, 16, 0.562851782364
96, 79, 37, 80, 0.4625, 13, 33, 0.393939393939, 9, 12, 0.75, 9, 29, 38, 27, 7, 2, 11, 15, 31, 72, 0.430555555556, 5, 29, 0.172413793103, 12, 15, 0.8, 10, 29, 39, 19, 0, 3, 15, 16, 0.562851782364
98, 81, 38, 83, 0.457831325301, 13, 34, 0.382352941176, 9, 12, 0.75, 10, 29, 39, 28, 7, 2, 11, 15, 32, 73, 0.438356164384, 5, 29, 0.172413793103, 12, 15, 0.8, 10, 30, 40, 19, 0, 3, 15, 16, 0.555052106932
98, 81, 38, 83, 0.457831325301, 13, 34, 0.382352941176, 9, 12, 0.75, 10, 30, 40, 28, 7, 2, 11, 15, 32, 75, 0.426666666667, 5, 29, 0.172413793103, 12, 15, 0.8, 11, 30, 41, 19, 0, 3, 15, 17, 0.555052106932
98, 81, 38, 83, 0.457831325301, 13, 34, 0.382352941176, 9, 12, 0.75, 10, 30, 40, 28, 7, 2, 11, 15, 32, 75, 0.426666666667, 5, 29, 0.172413793103, 12, 15, 0.8, 11, 30, 41, 19, 0, 3, 15, 17, 0.555052106932
99, 81, 38, 83, 0.457831325301, 13, 34, 0.382352941176, 10, 13, 0.769230769231, 10, 30, 40, 28, 7, 2, 11, 15, 32, 75, 0.426666666667, 5, 29, 0.172413793103, 12, 15, 0.8, 11, 30, 41, 19, 0, 3, 15, 17, 0.557935076646
100, 83, 38, 83, 0.457831325301, 13, 34, 0.382352941176, 11, 14, 0.785714285714, 10, 30, 40, 28, 7, 2, 11, 16, 33, 77, 0.428571428571, 5, 29, 0.172413793103, 12, 15, 0.8, 12, 30, 42, 19, 0, 3, 15, 17, 0.560789591745
102, 83, 38, 83, 0.457831325301, 13, 34, 0.382352941176, 13, 16, 0.8125, 10, 30, 40, 28, 7, 2, 11, 16, 33, 78, 0.423076923077, 5, 30, 0.166666666667, 12, 15, 0.8, 12, 30, 42, 19, 0, 3, 15, 18, 0.566414926699
102, 84, 38, 84, 0.452380952381, 13, 35, 0.371428571429, 13, 16, 0.8125, 10, 31, 41, 28, 7, 2, 11, 17, 33, 78, 0.423076923077, 5, 30, 0.166666666667, 13, 16, 0.8125, 12, 31, 43, 19, 0, 3, 15, 18, 0.560193321617
104, 87, 39, 85, 0.458823529412, 13, 35, 0.371428571429, 13, 16, 0.8125, 10, 31, 41, 28, 7, 2, 11, 18, 34, 79, 0.430379746835, 5, 30, 0.166666666667, 14, 18, 0.777777777778, 13, 31, 44, 20, 0, 3, 15, 18, 0.564971751412
104, 87, 39, 85, 0.458823529412, 13, 35, 0.371428571429, 13, 16, 0.8125, 10, 31, 41, 28, 7, 2, 11, 18, 34, 80, 0.425, 5, 31, 0.161290322581, 14, 18, 0.777777777778, 13, 31, 44, 20, 0, 3, 15, 18, 0.564971751412
104, 87, 39, 85, 0.458823529412, 13, 35, 0.371428571429, 13, 16, 0.8125, 10, 31, 41, 28, 7, 2, 11, 18, 34, 80, 0.425, 5, 31, 0.161290322581, 14, 18, 0.777777777778, 13, 31, 44, 20, 0, 3, 15, 18, 0.564971751412
104, 87, 39, 85, 0.458823529412, 13, 35, 0.371428571429, 13, 16, 0.8125, 10, 31, 41, 28, 7, 2, 11, 18, 34, 80, 0.425, 5, 31, 0.161290322581, 14, 18, 0.777777777778, 13, 31, 44, 20, 0, 3, 15, 18, 0.564971751412
104, 87, 39, 85, 0.458823529412, 13, 35, 0.371428571429, 13, 16, 0.8125, 10, 31, 41, 28, 7, 2, 11, 18, 34, 80, 0.425, 5, 31, 0.161290322581, 14, 18, 0.777777777778, 13, 31, 44, 20, 0, 3, 15, 18, 0.564971751412
104, 87, 39, 85, 0.458823529412, 13, 35, 0.371428571429, 13, 16, 0.8125, 10, 31, 41, 28, 7, 2, 11, 18, 34, 80, 0.425, 5, 31, 0.161290322581, 14, 18, 0.777777777778, 13, 31, 44, 20, 0, 3, 15, 18, 0.564971751412
104, 87, 39, 85, 0.458823529412, 13, 35, 0.371428571429, 13, 16, 0.8125, 10, 31, 41, 28, 7, 2, 11, 18, 34, 80, 0.425, 5, 31, 0.161290322581, 14, 18, 0.777777777778, 13, 31, 44, 20, 0, 3, 15, 18, 0.564971751412
104, 87, 39, 85, 0.458823529412, 13, 35, 0.371428571429, 13, 16, 0.8125, 10, 31, 41, 28, 7, 2, 11, 18, 34, 80, 0.425, 5, 31, 0.161290322581, 14, 18, 0.777777777778, 13, 31, 44, 20, 0, 3, 15, 18, 0.564971751412
104, 87, 39, 85, 0.458823529412, 13, 35, 0.371428571429, 13, 16, 0.8125, 10, 31, 41, 28, 7, 2, 11, 18, 34, 80, 0.425, 5, 31, 0.161290322581, 14, 18, 0.777777777778, 13, 31, 44, 20, 0, 3, 15, 18, 0.564971751412
104, 87, 39, 85, 0.458823529412, 13, 35, 0.371428571429, 13, 16, 0.8125, 10, 31, 41, 28, 7, 2, 11, 18, 34, 80, 0.425, 5, 31, 0.161290322581, 14, 18, 0.777777777778, 13, 31, 44, 20, 0, 3, 15, 18, 0.564971751412
104, 87, 39, 85, 0.458823529412, 13, 35, 0.371428571429, 13, 16, 0.8125, 10, 31, 41, 28, 7, 2, 11, 18, 34, 80, 0.425, 5, 31, 0.161290322581, 14, 18, 0.777777777778, 13, 31, 44, 20, 0, 3, 15, 18, 0.564971751412
104, 87, 39, 85, 0.458823529412, 13, 35, 0.371428571429, 13, 16, 0.8125, 10, 31, 41, 28, 7, 2, 11, 18, 34, 80, 0.425, 5, 31, 0.161290322581, 14, 18, 0.777777777778, 13, 31, 44, 20, 0, 3, 15, 18, 0.564971751412
104, 87, 39, 85, 0.458823529412, 13, 35, 0.371428571429, 13, 16, 0.8125, 10, 31, 41, 28, 7, 2, 11, 18, 34, 80, 0.425, 5, 31, 0.161290322581, 14, 18, 0.777777777778, 13, 31, 44, 20, 0, 3, 15, 18, 0.564971751412
104, 87, 39, 85, 0.458823529412, 13, 35, 0.371428571429, 13, 16, 0.8125, 10, 31, 41, 28, 7, 2, 11, 18, 34, 80, 0.425, 5, 31, 0.161290322581, 14, 18, 0.777777777778, 13, 31, 44, 20, 0, 3, 15, 18, 0.564971751412

